Started GET "/" for 127.0.0.1 at 2025-11-05 15:11:43 -0500
  [1m[35m (29.7ms)[0m  [1m[35mCREATE TABLE "schema_migrations" ("version" varchar NOT NULL PRIMARY KEY)[0m
  [1m[35m (6.4ms)[0m  [1m[35mCREATE TABLE "ar_internal_metadata" ("key" varchar NOT NULL PRIMARY KEY, "value" varchar, "created_at" datetime(6) NOT NULL, "updated_at" datetime(6) NOT NULL)[0m
  [1m[36mActiveRecord::SchemaMigration Load (207.3ms)[0m  [1m[34mSELECT "schema_migrations"."version" FROM "schema_migrations" ORDER BY "schema_migrations"."version" ASC[0m
Processing by Rails::WelcomeController#index as HTML
  Rendering /home/geise.51/.local/share/gem/ruby/gems/railties-7.2.2.2/lib/rails/templates/rails/welcome/index.html.erb
  Rendered /home/geise.51/.local/share/gem/ruby/gems/railties-7.2.2.2/lib/rails/templates/rails/welcome/index.html.erb (Duration: 1.8ms | GC: 0.0ms)
Completed 200 OK in 577ms (Views: 83.5ms | ActiveRecord: 0.0ms (0 queries, 0 cached) | GC: 0.0ms)


Started GET "/static_pages/home" for 127.0.0.1 at 2025-11-05 15:19:52 -0500
Processing by StaticPagesController#home as HTML
  Rendering layout layouts/application.html.erb
  Rendering static_pages/home.html.erb within layouts/application
  Rendered static_pages/home.html.erb within layouts/application (Duration: 1.4ms | GC: 0.0ms)
  Rendered layout layouts/application.html.erb (Duration: 1147.6ms | GC: 62.8ms)
Completed 200 OK in 1548ms (Views: 1155.3ms | ActiveRecord: 0.0ms (0 queries, 0 cached) | GC: 75.3ms)


Started GET "/manifest.json" for 127.0.0.1 at 2025-11-05 15:19:54 -0500
  
ActionController::RoutingError (No route matches [GET] "/manifest.json"):
  
Started GET "/manifest.json" for 127.0.0.1 at 2025-11-05 15:20:08 -0500
  
ActionController::RoutingError (No route matches [GET] "/manifest.json"):
  
Started GET "/manifest.json" for 127.0.0.1 at 2025-11-05 15:20:13 -0500
  
ActionController::RoutingError (No route matches [GET] "/manifest.json"):
  
Started GET "/static_pages/about" for 127.0.0.1 at 2025-11-05 15:20:21 -0500
Processing by StaticPagesController#about as HTML
  Rendering layout layouts/application.html.erb
  Rendering static_pages/about.html.erb within layouts/application
  Rendered static_pages/about.html.erb within layouts/application (Duration: 2.2ms | GC: 0.0ms)
  Rendered layout layouts/application.html.erb (Duration: 128.1ms | GC: 0.2ms)
Completed 200 OK in 132ms (Views: 128.8ms | ActiveRecord: 0.0ms (0 queries, 0 cached) | GC: 0.2ms)


Started GET "/manifest.json" for 127.0.0.1 at 2025-11-05 15:20:21 -0500
  
ActionController::RoutingError (No route matches [GET] "/manifest.json"):
  
Started GET "/static_pages/help" for 127.0.0.1 at 2025-11-05 15:20:26 -0500
Processing by StaticPagesController#help as HTML
  Rendering layout layouts/application.html.erb
  Rendering static_pages/help.html.erb within layouts/application
  Rendered static_pages/help.html.erb within layouts/application (Duration: 1.5ms | GC: 0.0ms)
  Rendered layout layouts/application.html.erb (Duration: 11.2ms | GC: 2.6ms)
Completed 200 OK in 15ms (Views: 11.7ms | ActiveRecord: 0.0ms (0 queries, 0 cached) | GC: 2.6ms)


Started GET "/manifest.json" for 127.0.0.1 at 2025-11-05 15:20:26 -0500
  
ActionController::RoutingError (No route matches [GET] "/manifest.json"):
  
Started GET "/manifest.json" for 127.0.0.1 at 2025-11-05 15:24:08 -0500
  
ActionController::RoutingError (No route matches [GET] "/manifest.json"):
  
Started GET "/static_pages/aaron" for 127.0.0.1 at 2025-11-05 15:24:18 -0500
  
ActionController::RoutingError (No route matches [GET] "/static_pages/aaron"):
  
Started GET "/favicon.ico" for 127.0.0.1 at 2025-11-05 15:24:18 -0500
  
ActionController::RoutingError (No route matches [GET] "/favicon.ico"):
  
Started GET "/static_pages/aaron" for 127.0.0.1 at 2025-11-05 15:25:03 -0500
Processing by StaticPagesController#aaron as HTML
  Rendering layout layouts/application.html.erb
  Rendering static_pages/aaron.html.erb within layouts/application
  Rendered static_pages/aaron.html.erb within layouts/application (Duration: 2.5ms | GC: 0.0ms)
  Rendered layout layouts/application.html.erb (Duration: 31.5ms | GC: 5.6ms)
Completed 200 OK in 42ms (Views: 39.0ms | ActiveRecord: 0.0ms (0 queries, 0 cached) | GC: 7.5ms)


Started GET "/manifest.json" for 127.0.0.1 at 2025-11-05 15:25:04 -0500
  
ActionController::RoutingError (No route matches [GET] "/manifest.json"):
  
Started GET "/static_pages/aaron" for 127.0.0.1 at 2025-11-05 15:25:41 -0500
Processing by StaticPagesController#aaron as HTML
  Rendering layout layouts/application.html.erb
  Rendering static_pages/aaron.html.erb within layouts/application
  Rendered static_pages/aaron.html.erb within layouts/application (Duration: 1.5ms | GC: 0.0ms)
  Rendered layout layouts/application.html.erb (Duration: 9.8ms | GC: 0.0ms)
Completed 200 OK in 18ms (Views: 15.6ms | ActiveRecord: 0.0ms (0 queries, 0 cached) | GC: 0.0ms)


Started GET "/manifest.json" for 127.0.0.1 at 2025-11-05 15:25:41 -0500
  
ActionController::RoutingError (No route matches [GET] "/manifest.json"):
  
Started GET "/static_pages/aaron" for 127.0.0.1 at 2025-11-05 15:25:52 -0500
Processing by StaticPagesController#aaron as HTML
  Rendering layout layouts/application.html.erb
  Rendering static_pages/aaron.html.erb within layouts/application
  Rendered static_pages/aaron.html.erb within layouts/application (Duration: 4.1ms | GC: 0.0ms)
  Rendered layout layouts/application.html.erb (Duration: 13.0ms | GC: 0.2ms)
Completed 200 OK in 22ms (Views: 18.6ms | ActiveRecord: 0.0ms (0 queries, 0 cached) | GC: 0.2ms)


Started GET "/manifest.json" for 127.0.0.1 at 2025-11-05 15:25:52 -0500
  
ActionController::RoutingError (No route matches [GET] "/manifest.json"):
  
Started GET "/static_pages/aaron" for 127.0.0.1 at 2025-11-05 15:29:59 -0500
Processing by StaticPagesController#aaron as HTML
  Rendering layout layouts/application.html.erb
  Rendering static_pages/aaron.html.erb within layouts/application
  Rendered static_pages/aaron.html.erb within layouts/application (Duration: 2.8ms | GC: 0.0ms)
  Rendered layout layouts/application.html.erb (Duration: 18.5ms | GC: 0.0ms)
Completed 200 OK in 31ms (Views: 28.2ms | ActiveRecord: 0.0ms (0 queries, 0 cached) | GC: 0.0ms)


Started GET "/manifest.json" for 127.0.0.1 at 2025-11-05 15:30:01 -0500
  
ActionController::RoutingError (No route matches [GET] "/manifest.json"):
  
Started GET "/static_pages/home" for 127.0.0.1 at 2025-11-05 15:30:04 -0500
Processing by StaticPagesController#home as HTML
  Rendering layout layouts/application.html.erb
  Rendering static_pages/home.html.erb within layouts/application
  Rendered static_pages/home.html.erb within layouts/application (Duration: 4.5ms | GC: 0.0ms)
  Rendered layout layouts/application.html.erb (Duration: 14.3ms | GC: 3.0ms)
Completed 200 OK in 21ms (Views: 16.1ms | ActiveRecord: 0.0ms (0 queries, 0 cached) | GC: 3.0ms)


Started GET "/manifest.json" for 127.0.0.1 at 2025-11-05 15:30:04 -0500
  
ActionController::RoutingError (No route matches [GET] "/manifest.json"):
  
Started GET "/static_pages/help" for 127.0.0.1 at 2025-11-05 15:30:07 -0500
Processing by StaticPagesController#help as HTML
  Rendering layout layouts/application.html.erb
  Rendering static_pages/help.html.erb within layouts/application
  Rendered static_pages/help.html.erb within layouts/application (Duration: 1.5ms | GC: 0.0ms)
  Rendered layout layouts/application.html.erb (Duration: 12.3ms | GC: 0.1ms)
Completed 200 OK in 16ms (Views: 12.8ms | ActiveRecord: 0.0ms (0 queries, 0 cached) | GC: 0.1ms)


Started GET "/manifest.json" for 127.0.0.1 at 2025-11-05 15:30:07 -0500
  
ActionController::RoutingError (No route matches [GET] "/manifest.json"):
  
Started GET "/static_pages/help" for 127.0.0.1 at 2025-11-05 15:32:55 -0500
Processing by StaticPagesController#help as HTML
  Rendering layout layouts/application.html.erb
  Rendering static_pages/help.html.erb within layouts/application
  Rendered static_pages/help.html.erb within layouts/application (Duration: 1.4ms | GC: 0.0ms)
  Rendered layouts/partials/_header.erb (Duration: 0.8ms | GC: 0.0ms)
  Rendered layout layouts/application.html.erb (Duration: 13.3ms | GC: 0.0ms)
Completed 200 OK in 25ms (Views: 21.4ms | ActiveRecord: 0.0ms (0 queries, 0 cached) | GC: 0.0ms)


Started GET "/manifest.json" for 127.0.0.1 at 2025-11-05 15:32:56 -0500
  
ActionController::RoutingError (No route matches [GET] "/manifest.json"):
  
Started GET "/static_pages/aaron" for 127.0.0.1 at 2025-11-05 15:33:00 -0500
Processing by StaticPagesController#aaron as HTML
  Rendering layout layouts/application.html.erb
  Rendering static_pages/aaron.html.erb within layouts/application
  Rendered static_pages/aaron.html.erb within layouts/application (Duration: 2.9ms | GC: 0.0ms)
  Rendered layouts/partials/_header.erb (Duration: 0.2ms | GC: 0.0ms)
  Rendered layout layouts/application.html.erb (Duration: 19.3ms | GC: 0.0ms)
Completed 200 OK in 22ms (Views: 20.9ms | ActiveRecord: 0.0ms (0 queries, 0 cached) | GC: 0.0ms)


Started GET "/manifest.json" for 127.0.0.1 at 2025-11-05 15:33:01 -0500
  
ActionController::RoutingError (No route matches [GET] "/manifest.json"):
  
Started GET "/static_pages/aaron" for 127.0.0.1 at 2025-11-05 15:34:34 -0500
Processing by StaticPagesController#aaron as HTML
  Rendering layout layouts/application.html.erb
  Rendering static_pages/aaron.html.erb within layouts/application
  Rendered static_pages/aaron.html.erb within layouts/application (Duration: 2.1ms | GC: 0.0ms)
  Rendered layouts/partials/_header.erb (Duration: 0.8ms | GC: 0.0ms)
  Rendered layouts/partials/_footer.erb (Duration: 0.5ms | GC: 0.0ms)
  Rendered layout layouts/application.html.erb (Duration: 17.9ms | GC: 0.1ms)
Completed 200 OK in 25ms (Views: 23.9ms | ActiveRecord: 0.0ms (0 queries, 0 cached) | GC: 0.1ms)


Started GET "/manifest.json" for 127.0.0.1 at 2025-11-05 15:34:35 -0500
  
ActionController::RoutingError (No route matches [GET] "/manifest.json"):
  
Started GET "/static_pages/aaron" for 127.0.0.1 at 2025-11-05 15:35:01 -0500
Processing by StaticPagesController#aaron as HTML
  Rendering layout layouts/application.html.erb
  Rendering static_pages/aaron.html.erb within layouts/application
  Rendered static_pages/aaron.html.erb within layouts/application (Duration: 2.2ms | GC: 0.0ms)
  Rendered layouts/partials/_header.erb (Duration: 1.3ms | GC: 0.0ms)
  Rendered layouts/partials/_footer.erb (Duration: 1.5ms | GC: 0.8ms)
  Rendered layout layouts/application.html.erb (Duration: 25.6ms | GC: 0.8ms)
Completed 200 OK in 33ms (Views: 32.3ms | ActiveRecord: 0.0ms (0 queries, 0 cached) | GC: 0.8ms)


Started GET "/manifest.json" for 127.0.0.1 at 2025-11-05 15:35:02 -0500
  
ActionController::RoutingError (No route matches [GET] "/manifest.json"):
  
Started GET "/static_pages/aaron" for 127.0.0.1 at 2025-11-05 15:35:06 -0500
Processing by StaticPagesController#aaron as HTML
  Rendering layout layouts/application.html.erb
  Rendering static_pages/aaron.html.erb within layouts/application
  Rendered static_pages/aaron.html.erb within layouts/application (Duration: 1.8ms | GC: 0.0ms)
  Rendered layouts/partials/_header.erb (Duration: 0.7ms | GC: 0.0ms)
  Rendered layouts/partials/_footer.erb (Duration: 0.6ms | GC: 0.0ms)
  Rendered layout layouts/application.html.erb (Duration: 19.6ms | GC: 0.0ms)
Completed 200 OK in 31ms (Views: 29.0ms | ActiveRecord: 0.0ms (0 queries, 0 cached) | GC: 0.0ms)


Started GET "/manifest.json" for 127.0.0.1 at 2025-11-05 15:35:06 -0500
  
ActionController::RoutingError (No route matches [GET] "/manifest.json"):
  
Started GET "/static_pages/aaron" for 127.0.0.1 at 2025-11-05 15:39:35 -0500
Processing by StaticPagesController#aaron as HTML
  Rendering layout layouts/application.html.erb
  Rendering static_pages/aaron.html.erb within layouts/application
  Rendered static_pages/aaron.html.erb within layouts/application (Duration: 1.4ms | GC: 0.0ms)
  Rendered layouts/partials/_header.erb (Duration: 0.7ms | GC: 0.0ms)
  Rendered layouts/partials/_footer.erb (Duration: 0.7ms | GC: 0.0ms)
  Rendered layout layouts/application.html.erb (Duration: 24.6ms | GC: 0.4ms)
Completed 200 OK in 39ms (Views: 38.0ms | ActiveRecord: 0.0ms (0 queries, 0 cached) | GC: 0.4ms)


Started GET "/manifest.json" for 127.0.0.1 at 2025-11-05 15:39:36 -0500
  
ActionController::RoutingError (No route matches [GET] "/manifest.json"):
  
Started GET "/static_pages/aaron" for 127.0.0.1 at 2025-11-05 15:40:30 -0500
Processing by StaticPagesController#aaron as HTML
  Rendering layout layouts/application.html.erb
  Rendering static_pages/aaron.html.erb within layouts/application
  Rendered static_pages/aaron.html.erb within layouts/application (Duration: 5.5ms | GC: 0.0ms)
  Rendered layouts/partials/_header.erb (Duration: 1.1ms | GC: 0.0ms)
  Rendered layouts/partials/_footer.erb (Duration: 1.1ms | GC: 0.0ms)
  Rendered layout layouts/application.html.erb (Duration: 41.3ms | GC: 0.2ms)
Completed 200 OK in 5278ms (Views: 5277.0ms | ActiveRecord: 0.0ms (0 queries, 0 cached) | GC: 0.2ms)


Started GET "/manifest.json" for 127.0.0.1 at 2025-11-05 15:40:36 -0500
  
ActionController::RoutingError (No route matches [GET] "/manifest.json"):
  
Started GET "/static_pages/home" for 127.0.0.1 at 2025-11-05 15:40:39 -0500
Processing by StaticPagesController#home as HTML
  Rendering layout layouts/application.html.erb
  Rendering static_pages/home.html.erb within layouts/application
  Rendered static_pages/home.html.erb within layouts/application (Duration: 3.0ms | GC: 0.0ms)
  Rendered layouts/partials/_header.erb (Duration: 0.6ms | GC: 0.0ms)
  Rendered layouts/partials/_footer.erb (Duration: 0.7ms | GC: 0.0ms)
  Rendered layout layouts/application.html.erb (Duration: 15.0ms | GC: 0.0ms)
Completed 200 OK in 25ms (Views: 23.0ms | ActiveRecord: 0.0ms (0 queries, 0 cached) | GC: 0.0ms)


Started GET "/manifest.json" for 127.0.0.1 at 2025-11-05 15:40:39 -0500
  
ActionController::RoutingError (No route matches [GET] "/manifest.json"):
  
Started GET "/static_pages/help" for 127.0.0.1 at 2025-11-05 15:40:42 -0500
Processing by StaticPagesController#help as HTML
  Rendering layout layouts/application.html.erb
  Rendering static_pages/help.html.erb within layouts/application
  Rendered static_pages/help.html.erb within layouts/application (Duration: 1.5ms | GC: 0.0ms)
  Rendered layouts/partials/_header.erb (Duration: 0.0ms | GC: 0.0ms)
  Rendered layouts/partials/_footer.erb (Duration: 0.0ms | GC: 0.0ms)
  Rendered layout layouts/application.html.erb (Duration: 12.2ms | GC: 0.0ms)
Completed 200 OK in 17ms (Views: 15.6ms | ActiveRecord: 0.0ms (0 queries, 0 cached) | GC: 0.0ms)


Started GET "/manifest.json" for 127.0.0.1 at 2025-11-05 15:40:42 -0500
  
ActionController::RoutingError (No route matches [GET] "/manifest.json"):
  
Started GET "/static_pages/about" for 127.0.0.1 at 2025-11-05 15:40:45 -0500
Processing by StaticPagesController#about as HTML
  Rendering layout layouts/application.html.erb
  Rendering static_pages/about.html.erb within layouts/application
  Rendered static_pages/about.html.erb within layouts/application (Duration: 2.8ms | GC: 0.0ms)
  Rendered layouts/partials/_header.erb (Duration: 0.5ms | GC: 0.0ms)
  Rendered layouts/partials/_footer.erb (Duration: 0.0ms | GC: 0.0ms)
  Rendered layout layouts/application.html.erb (Duration: 16.8ms | GC: 0.0ms)
Completed 200 OK in 26ms (Views: 19.2ms | ActiveRecord: 0.0ms (0 queries, 0 cached) | GC: 0.0ms)


Started GET "/manifest.json" for 127.0.0.1 at 2025-11-05 15:40:45 -0500
  
ActionController::RoutingError (No route matches [GET] "/manifest.json"):
  
Started GET "/static_pages/aaron" for 127.0.0.1 at 2025-11-05 15:41:43 -0500
Processing by StaticPagesController#aaron as HTML
  Rendering layout layouts/application.html.erb
  Rendering static_pages/aaron.html.erb within layouts/application
  Rendered static_pages/aaron.html.erb within layouts/application (Duration: 2.4ms | GC: 0.0ms)
  Rendered layouts/partials/_header.erb (Duration: 0.0ms | GC: 0.0ms)
  Rendered layouts/partials/_footer.erb (Duration: 0.0ms | GC: 0.0ms)
  Rendered layout layouts/application.html.erb (Duration: 26.8ms | GC: 0.0ms)
Completed 200 OK in 33ms (Views: 30.7ms | ActiveRecord: 0.0ms (0 queries, 0 cached) | GC: 0.1ms)


Started GET "/static_pages/home" for 127.0.0.1 at 2025-11-05 15:48:47 -0500
  
ActionController::RoutingError (No route matches [GET] "/static_pages/home"):
  
Started GET "/static_pages/home" for 127.0.0.1 at 2025-11-05 15:49:39 -0500
  
ActionController::RoutingError (No route matches [GET] "/static_pages/home"):
  
Started GET "/static_pages/home" for 127.0.0.1 at 2025-11-05 15:49:53 -0500
  
ActionController::RoutingError (No route matches [GET] "/static_pages/home"):
  
Started GET "/static_pages/home" for 127.0.0.1 at 2025-11-05 15:50:43 -0500
  
ActionController::RoutingError (No route matches [GET] "/static_pages/home"):
  
Started GET "/static_pages/aaron" for 127.0.0.1 at 2025-11-05 15:52:47 -0500
Processing by StaticPagesController#aaron as HTML
  Rendering layout layouts/application.html.erb
  Rendering static_pages/aaron.html.erb within layouts/application
  Rendered static_pages/aaron.html.erb within layouts/application (Duration: 1.8ms | GC: 0.0ms)
  Rendered layouts/partials/_header.erb (Duration: 2.8ms | GC: 0.5ms)
  Rendered layout layouts/application.html.erb (Duration: 22.5ms | GC: 0.5ms)
Completed 500 Internal Server Error in 31ms (ActiveRecord: 0.0ms (0 queries, 0 cached) | GC: 0.5ms)


  
ActionView::Template::Error (undefined local variable or method `help_path' for an instance of #<Class:0x00007f3ab2512950>):

Causes:
NameError (undefined local variable or method `help_path' for an instance of #<Class:0x00007f3ab2512950>)
    1: <h1>This is the header</h1>
    2: <ol>
    3: <li><%= link_to 'Home', home_path%></li>
    4: <li><%= link_to 'Help', help_path%></li>
    5: <li><%= link_to 'About', about_path%></li>
    6: <li><%= link_to 'Aarob', aaron_path%></li>
    7: </ol>
  
app/views/layouts/partials/_header.erb:4
app/views/layouts/application.html.erb:20
Started GET "/aaron" for 127.0.0.1 at 2025-11-05 15:53:40 -0500
Processing by StaticPagesController#aaron as HTML
  Rendering layout layouts/application.html.erb
  Rendering static_pages/aaron.html.erb within layouts/application
  Rendered static_pages/aaron.html.erb within layouts/application (Duration: 1.4ms | GC: 0.0ms)
  Rendered layouts/partials/_header.erb (Duration: 1.5ms | GC: 0.0ms)
  Rendered layouts/partials/_footer.erb (Duration: 0.5ms | GC: 0.0ms)
  Rendered layout layouts/application.html.erb (Duration: 18.3ms | GC: 0.0ms)
Completed 200 OK in 27ms (Views: 25.7ms | ActiveRecord: 0.0ms (0 queries, 0 cached) | GC: 0.2ms)


Started GET "/manifest.json" for 127.0.0.1 at 2025-11-05 15:53:40 -0500
  
ActionController::RoutingError (No route matches [GET] "/manifest.json"):
  
Started GET "/help" for 127.0.0.1 at 2025-11-05 15:54:02 -0500
Processing by StaticPagesController#help as HTML
  Rendering layout layouts/application.html.erb
  Rendering static_pages/help.html.erb within layouts/application
  Rendered static_pages/help.html.erb within layouts/application (Duration: 1.5ms | GC: 0.0ms)
  Rendered layouts/partials/_header.erb (Duration: 1.3ms | GC: 0.0ms)
  Rendered layouts/partials/_footer.erb (Duration: 0.6ms | GC: 0.0ms)
  Rendered layout layouts/application.html.erb (Duration: 19.1ms | GC: 0.0ms)
Completed 200 OK in 29ms (Views: 27.1ms | ActiveRecord: 0.0ms (0 queries, 0 cached) | GC: 0.0ms)


Started GET "/manifest.json" for 127.0.0.1 at 2025-11-05 15:54:02 -0500
  
ActionController::RoutingError (No route matches [GET] "/manifest.json"):
  
Started GET "/about" for 127.0.0.1 at 2025-11-05 15:54:04 -0500
Processing by StaticPagesController#about as HTML
  Rendering layout layouts/application.html.erb
  Rendering static_pages/about.html.erb within layouts/application
  Rendered static_pages/about.html.erb within layouts/application (Duration: 2.9ms | GC: 0.0ms)
  Rendered layouts/partials/_header.erb (Duration: 0.3ms | GC: 0.0ms)
  Rendered layouts/partials/_footer.erb (Duration: 0.0ms | GC: 0.0ms)
  Rendered layout layouts/application.html.erb (Duration: 19.3ms | GC: 0.0ms)
Completed 200 OK in 23ms (Views: 20.2ms | ActiveRecord: 0.0ms (0 queries, 0 cached) | GC: 0.0ms)


Started GET "/manifest.json" for 127.0.0.1 at 2025-11-05 15:54:04 -0500
  
ActionController::RoutingError (No route matches [GET] "/manifest.json"):
  
Started GET "/aaron" for 127.0.0.1 at 2025-11-05 15:54:05 -0500
Processing by StaticPagesController#aaron as HTML
  Rendering layout layouts/application.html.erb
  Rendering static_pages/aaron.html.erb within layouts/application
  Rendered static_pages/aaron.html.erb within layouts/application (Duration: 1.2ms | GC: 0.0ms)
  Rendered layouts/partials/_header.erb (Duration: 0.6ms | GC: 0.0ms)
  Rendered layouts/partials/_footer.erb (Duration: 0.0ms | GC: 0.0ms)
  Rendered layout layouts/application.html.erb (Duration: 14.3ms | GC: 0.0ms)
Completed 200 OK in 16ms (Views: 15.2ms | ActiveRecord: 0.0ms (0 queries, 0 cached) | GC: 0.0ms)


Started GET "/manifest.json" for 127.0.0.1 at 2025-11-05 15:54:05 -0500
  
ActionController::RoutingError (No route matches [GET] "/manifest.json"):
  
Started GET "/home" for 127.0.0.1 at 2025-11-05 15:54:06 -0500
Processing by StaticPagesController#home as HTML
  Rendering layout layouts/application.html.erb
  Rendering static_pages/home.html.erb within layouts/application
  Rendered static_pages/home.html.erb within layouts/application (Duration: 4.3ms | GC: 0.0ms)
  Rendered layouts/partials/_header.erb (Duration: 0.6ms | GC: 0.0ms)
  Rendered layouts/partials/_footer.erb (Duration: 0.0ms | GC: 0.0ms)
  Rendered layout layouts/application.html.erb (Duration: 13.1ms | GC: 0.0ms)
Completed 200 OK in 18ms (Views: 16.0ms | ActiveRecord: 0.0ms (0 queries, 0 cached) | GC: 0.0ms)


Started GET "/manifest.json" for 127.0.0.1 at 2025-11-05 15:54:07 -0500
  
ActionController::RoutingError (No route matches [GET] "/manifest.json"):
  
Started GET "/aaron" for 127.0.0.1 at 2025-11-05 15:54:13 -0500
Processing by StaticPagesController#aaron as HTML
  Rendering layout layouts/application.html.erb
  Rendering static_pages/aaron.html.erb within layouts/application
  Rendered static_pages/aaron.html.erb within layouts/application (Duration: 7.5ms | GC: 0.0ms)
  Rendered layouts/partials/_header.erb (Duration: 0.4ms | GC: 0.0ms)
  Rendered layouts/partials/_footer.erb (Duration: 0.0ms | GC: 0.0ms)
  Rendered layout layouts/application.html.erb (Duration: 34.2ms | GC: 0.0ms)
Completed 200 OK in 37ms (Views: 36.6ms | ActiveRecord: 0.0ms (0 queries, 0 cached) | GC: 0.0ms)


Started GET "/manifest.json" for 127.0.0.1 at 2025-11-05 15:54:13 -0500
  
ActionController::RoutingError (No route matches [GET] "/manifest.json"):
  
Started GET "/" for 127.0.0.1 at 2025-11-07 15:02:31 -0500
  [1m[36mActiveRecord::SchemaMigration Load (7.5ms)[0m  [1m[34mSELECT "schema_migrations"."version" FROM "schema_migrations" ORDER BY "schema_migrations"."version" ASC[0m
Processing by Rails::WelcomeController#index as HTML
  Rendering /home/geise.51/.local/share/gem/ruby/gems/railties-7.2.2.2/lib/rails/templates/rails/welcome/index.html.erb
  Rendered /home/geise.51/.local/share/gem/ruby/gems/railties-7.2.2.2/lib/rails/templates/rails/welcome/index.html.erb (Duration: 2.9ms | GC: 0.0ms)
Completed 200 OK in 177ms (Views: 48.6ms | ActiveRecord: 0.0ms (0 queries, 0 cached) | GC: 0.0ms)


Started GET "/" for 127.0.0.1 at 2025-11-07 15:03:10 -0500
Processing by Rails::WelcomeController#index as HTML
  Rendering /home/geise.51/.local/share/gem/ruby/gems/railties-7.2.2.2/lib/rails/templates/rails/welcome/index.html.erb
  Rendered /home/geise.51/.local/share/gem/ruby/gems/railties-7.2.2.2/lib/rails/templates/rails/welcome/index.html.erb (Duration: 1.9ms | GC: 0.0ms)
Completed 200 OK in 3ms (Views: 2.8ms | ActiveRecord: 0.0ms (0 queries, 0 cached) | GC: 0.0ms)


Started GET "/home" for 127.0.0.1 at 2025-11-07 15:03:20 -0500
Processing by StaticPagesController#home as HTML
  Rendering layout layouts/application.html.erb
  Rendering static_pages/home.html.erb within layouts/application
  Rendered static_pages/home.html.erb within layouts/application (Duration: 3.3ms | GC: 0.0ms)
  Rendered layouts/partials/_header.erb (Duration: 3.2ms | GC: 0.0ms)
  Rendered layouts/partials/_footer.erb (Duration: 1.2ms | GC: 0.0ms)
  Rendered layout layouts/application.html.erb (Duration: 250.7ms | GC: 52.2ms)
Completed 200 OK in 428ms (Views: 261.6ms | ActiveRecord: 0.0ms (0 queries, 0 cached) | GC: 52.2ms)


Started GET "/manifest.json" for 127.0.0.1 at 2025-11-07 15:03:22 -0500
  
ActionController::RoutingError (No route matches [GET] "/manifest.json"):
  
Started GET "/home" for 127.0.0.1 at 2025-11-07 15:04:58 -0500
Processing by StaticPagesController#home as HTML
  Rendering layout layouts/application.html.erb
  Rendering static_pages/home.html.erb within layouts/application
  Rendered static_pages/home.html.erb within layouts/application (Duration: 2.2ms | GC: 0.0ms)
  Rendered layouts/partials/_header.erb (Duration: 2.4ms | GC: 0.0ms)
  Rendered layouts/partials/_footer.erb (Duration: 0.8ms | GC: 0.0ms)
  Rendered layout layouts/application.html.erb (Duration: 70.7ms | GC: 0.0ms)
Completed 200 OK in 84ms (Views: 77.7ms | ActiveRecord: 0.0ms (0 queries, 0 cached) | GC: 0.0ms)


Started GET "/manifest.json" for 127.0.0.1 at 2025-11-07 15:04:59 -0500
  
ActionController::RoutingError (No route matches [GET] "/manifest.json"):
  
Started GET "/favicon.ico" for 127.0.0.1 at 2025-11-07 15:05:07 -0500
  
ActionController::RoutingError (No route matches [GET] "/favicon.ico"):
  
Started GET "/home" for 127.0.0.1 at 2025-11-07 15:07:49 -0500
Processing by StaticPagesController#home as HTML
  Rendering layout layouts/application.html.erb
  Rendering static_pages/home.html.erb within layouts/application
  Rendered static_pages/home.html.erb within layouts/application (Duration: 1.0ms | GC: 0.0ms)
  Rendered layouts/partials/_header.erb (Duration: 0.7ms | GC: 0.0ms)
  Rendered layouts/partials/_footer.erb (Duration: 0.0ms | GC: 0.0ms)
  Rendered layout layouts/application.html.erb (Duration: 642.4ms | GC: 0.8ms)
Completed 200 OK in 645ms (Views: 643.5ms | ActiveRecord: 0.0ms (0 queries, 0 cached) | GC: 0.8ms)


Started GET "/manifest.json" for 127.0.0.1 at 2025-11-07 15:07:50 -0500
  
ActionController::RoutingError (No route matches [GET] "/manifest.json"):
  
Started GET "/home" for 127.0.0.1 at 2025-11-07 15:08:24 -0500
Processing by StaticPagesController#home as HTML
  Rendering layout layouts/application.html.erb
  Rendering static_pages/home.html.erb within layouts/application
  Rendered static_pages/home.html.erb within layouts/application (Duration: 2.4ms | GC: 0.0ms)
  Rendered layouts/partials/_header.erb (Duration: 2.7ms | GC: 0.0ms)
  Rendered layouts/partials/_footer.erb (Duration: 0.5ms | GC: 0.0ms)
  Rendered layout layouts/application.html.erb (Duration: 18.1ms | GC: 0.0ms)
Completed 200 OK in 28ms (Views: 24.3ms | ActiveRecord: 0.0ms (0 queries, 0 cached) | GC: 0.0ms)


Started GET "/manifest.json" for 127.0.0.1 at 2025-11-07 15:08:25 -0500
  
ActionController::RoutingError (No route matches [GET] "/manifest.json"):
  
Started GET "/home" for 127.0.0.1 at 2025-11-07 15:09:17 -0500
Processing by StaticPagesController#home as HTML
  Rendering layout layouts/application.html.erb
  Rendering static_pages/home.html.erb within layouts/application
  Rendered static_pages/home.html.erb within layouts/application (Duration: 1.5ms | GC: 0.0ms)
  Rendered layouts/partials/_header.erb (Duration: 1.6ms | GC: 0.0ms)
  Rendered layouts/partials/_footer.erb (Duration: 0.0ms | GC: 0.0ms)
  Rendered layout layouts/application.html.erb (Duration: 147.2ms | GC: 0.7ms)
Completed 200 OK in 152ms (Views: 149.6ms | ActiveRecord: 0.0ms (0 queries, 0 cached) | GC: 0.7ms)


Started GET "/manifest.json" for 127.0.0.1 at 2025-11-07 15:09:17 -0500
  
ActionController::RoutingError (No route matches [GET] "/manifest.json"):
  
Started GET "/home" for 127.0.0.1 at 2025-11-07 15:10:39 -0500
Processing by StaticPagesController#home as HTML
  Rendering layout layouts/application.html.erb
  Rendering static_pages/home.html.erb within layouts/application
  Rendered static_pages/home.html.erb within layouts/application (Duration: 3.1ms | GC: 0.0ms)
  Rendered layouts/partials/_header.erb (Duration: 0.4ms | GC: 0.0ms)
  Rendered layouts/partials/_footer.erb (Duration: 0.0ms | GC: 0.0ms)
  Rendered layout layouts/application.html.erb (Duration: 135.2ms | GC: 0.7ms)
Completed 200 OK in 140ms (Views: 136.3ms | ActiveRecord: 0.0ms (0 queries, 0 cached) | GC: 0.7ms)


Started GET "/manifest.json" for 127.0.0.1 at 2025-11-07 15:10:40 -0500
  
ActionController::RoutingError (No route matches [GET] "/manifest.json"):
  
Started GET "/home" for 127.0.0.1 at 2025-11-07 15:11:53 -0500
Processing by StaticPagesController#home as HTML
  Rendering layout layouts/application.html.erb
  Rendering static_pages/home.html.erb within layouts/application
  Rendered static_pages/home.html.erb within layouts/application (Duration: 1.4ms | GC: 0.0ms)
  Rendered layouts/partials/_header.erb (Duration: 0.2ms | GC: 0.0ms)
  Rendered layouts/partials/_footer.erb (Duration: 0.0ms | GC: 0.0ms)
  Rendered layout layouts/application.html.erb (Duration: 108.0ms | GC: 0.6ms)
Completed 200 OK in 112ms (Views: 108.9ms | ActiveRecord: 0.0ms (0 queries, 0 cached) | GC: 0.8ms)


Started GET "/manifest.json" for 127.0.0.1 at 2025-11-07 15:11:53 -0500
  
ActionController::RoutingError (No route matches [GET] "/manifest.json"):
  
Started GET "/home" for 127.0.0.1 at 2025-11-07 15:14:13 -0500
Processing by StaticPagesController#home as HTML
  Rendering layout layouts/application.html.erb
  Rendering static_pages/home.html.erb within layouts/application
  Rendered static_pages/home.html.erb within layouts/application (Duration: 2.3ms | GC: 0.0ms)
  Rendered layouts/partials/_header.erb (Duration: 8.1ms | GC: 0.0ms)
  Rendered layouts/partials/_footer.erb (Duration: 0.7ms | GC: 0.0ms)
  Rendered layout layouts/application.html.erb (Duration: 31.7ms | GC: 0.0ms)
Completed 200 OK in 50ms (Views: 45.3ms | ActiveRecord: 0.0ms (0 queries, 0 cached) | GC: 0.5ms)


Started GET "/manifest.json" for 127.0.0.1 at 2025-11-07 15:14:14 -0500
  
ActionController::RoutingError (No route matches [GET] "/manifest.json"):
  
Started GET "/users/new" for 127.0.0.1 at 2025-11-07 15:17:18 -0500
Processing by UsersController#new as HTML
  Rendering layout layouts/application.html.erb
  Rendering users/new.html.erb within layouts/application
  Rendered users/new.html.erb within layouts/application (Duration: 2.4ms | GC: 0.0ms)
  Rendered layouts/partials/_header.erb (Duration: 4.1ms | GC: 0.0ms)
  Rendered layouts/partials/_footer.erb (Duration: 0.6ms | GC: 0.0ms)
  Rendered layout layouts/application.html.erb (Duration: 30.9ms | GC: 0.0ms)
Completed 200 OK in 44ms (Views: 38.4ms | ActiveRecord: 0.0ms (0 queries, 0 cached) | GC: 0.0ms)


Started GET "/manifest.json" for 127.0.0.1 at 2025-11-07 15:17:20 -0500
  
ActionController::RoutingError (No route matches [GET] "/manifest.json"):
  
Started GET "/users/new" for 127.0.0.1 at 2025-11-07 15:20:01 -0500
Processing by UsersController#new as HTML
  Rendering layout layouts/application.html.erb
  Rendering users/new.html.erb within layouts/application
  Rendered users/new.html.erb within layouts/application (Duration: 1.4ms | GC: 0.0ms)
  Rendered layouts/partials/_header.erb (Duration: 2.7ms | GC: 0.0ms)
  Rendered layouts/partials/_footer.erb (Duration: 1.4ms | GC: 0.0ms)
  Rendered layout layouts/application.html.erb (Duration: 29.7ms | GC: 0.0ms)
Completed 200 OK in 48ms (Views: 42.9ms | ActiveRecord: 0.0ms (0 queries, 0 cached) | GC: 0.0ms)


Started GET "/manifest.json" for 127.0.0.1 at 2025-11-07 15:20:04 -0500
  
ActionController::RoutingError (No route matches [GET] "/manifest.json"):
  
Started GET "/users/new" for 127.0.0.1 at 2025-11-07 15:22:27 -0500
Processing by UsersController#new as HTML
  Rendering layout layouts/application.html.erb
  Rendering users/new.html.erb within layouts/application
  Rendered users/new.html.erb within layouts/application (Duration: 2.9ms | GC: 0.0ms)
  Rendered layouts/partials/_header.erb (Duration: 2.7ms | GC: 0.0ms)
  Rendered layouts/partials/_footer.erb (Duration: 1.4ms | GC: 0.1ms)
  Rendered layout layouts/application.html.erb (Duration: 25.7ms | GC: 0.1ms)
Completed 200 OK in 40ms (Views: 34.3ms | ActiveRecord: 0.0ms (0 queries, 0 cached) | GC: 0.1ms)


Started GET "/manifest.json" for 127.0.0.1 at 2025-11-07 15:22:27 -0500
  
ActionController::RoutingError (No route matches [GET] "/manifest.json"):
  
Started GET "/aaron" for 127.0.0.1 at 2025-11-07 15:22:29 -0500
Processing by StaticPagesController#aaron as HTML
  Rendering layout layouts/application.html.erb
  Rendering static_pages/aaron.html.erb within layouts/application
  Rendered static_pages/aaron.html.erb within layouts/application (Duration: 1.5ms | GC: 0.0ms)
  Rendered layouts/partials/_header.erb (Duration: 1.6ms | GC: 0.0ms)
  Rendered layouts/partials/_footer.erb (Duration: 0.0ms | GC: 0.0ms)
  Rendered layout layouts/application.html.erb (Duration: 11.0ms | GC: 0.0ms)
Completed 200 OK in 23ms (Views: 22.2ms | ActiveRecord: 0.0ms (0 queries, 0 cached) | GC: 0.5ms)


Started GET "/manifest.json" for 127.0.0.1 at 2025-11-07 15:22:29 -0500
  
ActionController::RoutingError (No route matches [GET] "/manifest.json"):
  
Started GET "/users/new" for 127.0.0.1 at 2025-11-07 15:22:30 -0500
Processing by UsersController#new as HTML
  Rendering layout layouts/application.html.erb
  Rendering users/new.html.erb within layouts/application
  Rendered users/new.html.erb within layouts/application (Duration: 0.9ms | GC: 0.0ms)
  Rendered layouts/partials/_header.erb (Duration: 0.8ms | GC: 0.0ms)
  Rendered layouts/partials/_footer.erb (Duration: 0.0ms | GC: 0.0ms)
  Rendered layout layouts/application.html.erb (Duration: 9.5ms | GC: 0.0ms)
Completed 200 OK in 13ms (Views: 11.7ms | ActiveRecord: 0.0ms (0 queries, 0 cached) | GC: 0.0ms)


Started GET "/manifest.json" for 127.0.0.1 at 2025-11-07 15:22:30 -0500
  
ActionController::RoutingError (No route matches [GET] "/manifest.json"):
  
Started GET "/users/new" for 127.0.0.1 at 2025-11-07 15:23:27 -0500
Processing by UsersController#new as HTML
  Rendering layout layouts/application.html.erb
  Rendering users/new.html.erb within layouts/application
  Rendered users/new.html.erb within layouts/application (Duration: 3.3ms | GC: 0.0ms)
  Rendered layouts/partials/_header.erb (Duration: 3.0ms | GC: 0.0ms)
  Rendered layouts/partials/_footer.erb (Duration: 0.8ms | GC: 0.0ms)
  Rendered layout layouts/application.html.erb (Duration: 24.7ms | GC: 0.0ms)
Completed 200 OK in 39ms (Views: 34.4ms | ActiveRecord: 0.0ms (0 queries, 0 cached) | GC: 0.0ms)


Started GET "/manifest.json" for 127.0.0.1 at 2025-11-07 15:23:28 -0500
  
ActionController::RoutingError (No route matches [GET] "/manifest.json"):
  
Started GET "/users/new" for 127.0.0.1 at 2025-11-07 15:23:30 -0500
Processing by UsersController#new as HTML
  Rendering layout layouts/application.html.erb
  Rendering users/new.html.erb within layouts/application
  Rendered users/new.html.erb within layouts/application (Duration: 0.8ms | GC: 0.0ms)
  Rendered layouts/partials/_header.erb (Duration: 0.5ms | GC: 0.0ms)
  Rendered layouts/partials/_footer.erb (Duration: 0.0ms | GC: 0.0ms)
  Rendered layout layouts/application.html.erb (Duration: 17.1ms | GC: 0.0ms)
Completed 200 OK in 21ms (Views: 19.7ms | ActiveRecord: 0.0ms (0 queries, 0 cached) | GC: 0.0ms)


Started GET "/manifest.json" for 127.0.0.1 at 2025-11-07 15:23:30 -0500
  
ActionController::RoutingError (No route matches [GET] "/manifest.json"):
  
Started GET "/users/new" for 127.0.0.1 at 2025-11-07 15:27:19 -0500
Processing by UsersController#new as HTML
  Rendering layout layouts/application.html.erb
  Rendering users/new.html.erb within layouts/application
  Rendered users/new.html.erb within layouts/application (Duration: 2.0ms | GC: 0.0ms)
  Rendered layouts/partials/_header.erb (Duration: 2.2ms | GC: 0.0ms)
  Rendered layouts/partials/_footer.erb (Duration: 0.7ms | GC: 0.0ms)
  Rendered layout layouts/application.html.erb (Duration: 21.3ms | GC: 0.0ms)
Completed 200 OK in 30ms (Views: 27.0ms | ActiveRecord: 0.0ms (0 queries, 0 cached) | GC: 0.0ms)


Started GET "/manifest.json" for 127.0.0.1 at 2025-11-07 15:27:20 -0500
  
ActionController::RoutingError (No route matches [GET] "/manifest.json"):
  
Started GET "/aaron" for 127.0.0.1 at 2025-11-07 15:27:22 -0500
Processing by StaticPagesController#aaron as HTML
  Rendering layout layouts/application.html.erb
  Rendering static_pages/aaron.html.erb within layouts/application
  Rendered static_pages/aaron.html.erb within layouts/application (Duration: 4.3ms | GC: 0.0ms)
  Rendered layouts/partials/_header.erb (Duration: 0.6ms | GC: 0.0ms)
  Rendered layouts/partials/_footer.erb (Duration: 0.0ms | GC: 0.0ms)
  Rendered layout layouts/application.html.erb (Duration: 12.8ms | GC: 0.0ms)
Completed 200 OK in 21ms (Views: 20.0ms | ActiveRecord: 0.0ms (0 queries, 0 cached) | GC: 0.0ms)


Started GET "/manifest.json" for 127.0.0.1 at 2025-11-07 15:27:22 -0500
  
ActionController::RoutingError (No route matches [GET] "/manifest.json"):
  
Started GET "/about" for 127.0.0.1 at 2025-11-07 15:27:22 -0500
Processing by StaticPagesController#about as HTML
  Rendering layout layouts/application.html.erb
  Rendering static_pages/about.html.erb within layouts/application
  Rendered static_pages/about.html.erb within layouts/application (Duration: 3.5ms | GC: 0.0ms)
  Rendered layouts/partials/_header.erb (Duration: 0.3ms | GC: 0.0ms)
  Rendered layouts/partials/_footer.erb (Duration: 0.0ms | GC: 0.0ms)
  Rendered layout layouts/application.html.erb (Duration: 14.4ms | GC: 0.0ms)
Completed 200 OK in 18ms (Views: 15.7ms | ActiveRecord: 0.0ms (0 queries, 0 cached) | GC: 0.0ms)


Started GET "/manifest.json" for 127.0.0.1 at 2025-11-07 15:27:22 -0500
  
ActionController::RoutingError (No route matches [GET] "/manifest.json"):
  
Started GET "/help" for 127.0.0.1 at 2025-11-07 15:27:23 -0500
Processing by StaticPagesController#help as HTML
  Rendering layout layouts/application.html.erb
  Rendering static_pages/help.html.erb within layouts/application
  Rendered static_pages/help.html.erb within layouts/application (Duration: 1.6ms | GC: 0.0ms)
  Rendered layouts/partials/_header.erb (Duration: 0.1ms | GC: 0.0ms)
  Rendered layouts/partials/_footer.erb (Duration: 0.0ms | GC: 0.0ms)
  Rendered layout layouts/application.html.erb (Duration: 7.9ms | GC: 0.0ms)
Completed 200 OK in 10ms (Views: 8.6ms | ActiveRecord: 0.0ms (0 queries, 0 cached) | GC: 0.0ms)


Started GET "/manifest.json" for 127.0.0.1 at 2025-11-07 15:27:23 -0500
  
ActionController::RoutingError (No route matches [GET] "/manifest.json"):
  
Started GET "/home" for 127.0.0.1 at 2025-11-07 15:27:24 -0500
Processing by StaticPagesController#home as HTML
  Rendering layout layouts/application.html.erb
  Rendering static_pages/home.html.erb within layouts/application
  Rendered static_pages/home.html.erb within layouts/application (Duration: 3.5ms | GC: 0.0ms)
  Rendered layouts/partials/_header.erb (Duration: 0.1ms | GC: 0.0ms)
  Rendered layouts/partials/_footer.erb (Duration: 0.0ms | GC: 0.0ms)
  Rendered layout layouts/application.html.erb (Duration: 12.5ms | GC: 0.0ms)
Completed 200 OK in 16ms (Views: 13.6ms | ActiveRecord: 0.0ms (0 queries, 0 cached) | GC: 0.1ms)


Started GET "/manifest.json" for 127.0.0.1 at 2025-11-07 15:27:24 -0500
  
ActionController::RoutingError (No route matches [GET] "/manifest.json"):
  
  [1m[36mActiveRecord::InternalMetadata Load (9.3ms)[0m  [1m[34mSELECT * FROM "ar_internal_metadata" WHERE "ar_internal_metadata"."key" = ? ORDER BY "ar_internal_metadata"."key" ASC LIMIT 1[0m  [[nil, "environment"]]
  [1m[36mActiveRecord::InternalMetadata Create (27.9ms)[0m  [1m[32mINSERT INTO "ar_internal_metadata" ("key", "value", "created_at", "updated_at") VALUES ('environment', 'development', '2025-11-07 20:36:38.375656', '2025-11-07 20:36:38.375659') RETURNING "key"[0m
  [1m[36mActiveRecord::SchemaMigration Load (12.9ms)[0m  [1m[34mSELECT "schema_migrations"."version" FROM "schema_migrations" ORDER BY "schema_migrations"."version" ASC[0m
Migrating to CreateUsers (20251107202958)
  [1m[36mTRANSACTION (0.0ms)[0m  [1m[36mbegin transaction[0m
  [1m[35m (10.7ms)[0m  [1m[35mCREATE TABLE "users" ("id" integer PRIMARY KEY AUTOINCREMENT NOT NULL, "name" varchar, "email" varchar, "created_at" datetime(6) NOT NULL, "updated_at" datetime(6) NOT NULL)[0m
  [1m[36mActiveRecord::SchemaMigration Create (0.1ms)[0m  [1m[32mINSERT INTO "schema_migrations" ("version") VALUES ('20251107202958') RETURNING "version"[0m
  [1m[36mTRANSACTION (4.4ms)[0m  [1m[36mcommit transaction[0m
  [1m[36mActiveRecord::SchemaMigration Load (8.7ms)[0m  [1m[34mSELECT "schema_migrations"."version" FROM "schema_migrations" ORDER BY "schema_migrations"."version" ASC[0m
  [1m[36mTRANSACTION (0.2ms)[0m  [1m[36mbegin transaction[0m
  [1m[36mUser Create (11.0ms)[0m  [1m[32mINSERT INTO "users" ("name", "email", "created_at", "updated_at") VALUES (?, ?, ?, ?) RETURNING "id"[0m  [["name", "Aaron"], ["email", "[FILTERED]"], ["created_at", "2025-11-07 20:42:46.476047"], ["updated_at", "2025-11-07 20:42:46.476047"]]
  [1m[36mTRANSACTION (1.7ms)[0m  [1m[36mcommit transaction[0m
  [1m[36mTRANSACTION (0.1ms)[0m  [1m[36mbegin transaction[0m
  [1m[36mUser Update (10.1ms)[0m  [1m[33mUPDATE "users" SET "name" = ?, "updated_at" = ? WHERE "users"."id" = ?[0m  [["name", "Aaron Geise"], ["updated_at", "2025-11-07 20:44:14.168387"], ["id", 1]]
  [1m[36mTRANSACTION (3.5ms)[0m  [1m[36mcommit transaction[0m
  [1m[36mTRANSACTION (2.6ms)[0m  [1m[36mbegin transaction[0m
  [1m[36mUser Create (14.5ms)[0m  [1m[32mINSERT INTO "users" ("name", "email", "created_at", "updated_at") VALUES (?, ?, ?, ?) RETURNING "id"[0m  [["name", "Test name"], ["email", "[FILTERED]"], ["created_at", "2025-11-07 20:46:18.222929"], ["updated_at", "2025-11-07 20:46:18.222929"]]
  [1m[36mTRANSACTION (2.6ms)[0m  [1m[36mcommit transaction[0m
  [1m[36mUser Load (9.5ms)[0m  [1m[34mSELECT "users".* FROM "users" WHERE "users"."id" = ? LIMIT ?[0m  [["id", 1], ["LIMIT", 1]]
  [1m[36mUser Load (4.4ms)[0m  [1m[34mSELECT "users".* FROM "users" WHERE "users"."id" = ? LIMIT ?[0m  [["id", 5], ["LIMIT", 1]]
  [1m[36mUser Load (5.6ms)[0m  [1m[34mSELECT "users".* FROM "users" WHERE "users"."email" = ? LIMIT ?[0m  [["email", "[FILTERED]"], ["LIMIT", 1]]
  [1m[36mUser Load (301.3ms)[0m  [1m[34mSELECT "users".* FROM "users" ORDER BY "users"."id" ASC LIMIT ?[0m  [["LIMIT", 1]]
  [1m[36mUser Load (3.2ms)[0m  [1m[34mSELECT "users".* FROM "users" ORDER BY "users"."id" DESC LIMIT ?[0m  [["LIMIT", 1]]
  [1m[36mUser Load (8.6ms)[0m  [1m[34mSELECT "users".* FROM "users" WHERE "users"."id" = ? LIMIT ?[0m  [["id", 2], ["LIMIT", 1]]
  [1m[36mTRANSACTION (0.1ms)[0m  [1m[36mbegin transaction[0m
  [1m[36mUser Destroy (7.5ms)[0m  [1m[31mDELETE FROM "users" WHERE "users"."id" = ?[0m  [["id", 2]]
  [1m[36mTRANSACTION (2.3ms)[0m  [1m[36mcommit transaction[0m
  [1m[36mActiveRecord::InternalMetadata Load (5.3ms)[0m  [1m[34mSELECT * FROM "ar_internal_metadata" WHERE "ar_internal_metadata"."key" = ? ORDER BY "ar_internal_metadata"."key" ASC LIMIT 1[0m  [[nil, "environment"]]
  [1m[36mActiveRecord::SchemaMigration Load (2.7ms)[0m  [1m[34mSELECT "schema_migrations"."version" FROM "schema_migrations" ORDER BY "schema_migrations"."version" ASC[0m
Migrating to AddPhoneToUsers (20251110203320)
  [1m[36mTRANSACTION (0.0ms)[0m  [1m[36mbegin transaction[0m
  [1m[35m (5.6ms)[0m  [1m[35mALTER TABLE "users" ADD "phone" varchar[0m
  [1m[36mActiveRecord::SchemaMigration Create (0.1ms)[0m  [1m[32mINSERT INTO "schema_migrations" ("version") VALUES ('20251110203320') RETURNING "version"[0m
  [1m[36mTRANSACTION (13.4ms)[0m  [1m[36mcommit transaction[0m
  [1m[36mActiveRecord::SchemaMigration Load (5.8ms)[0m  [1m[34mSELECT "schema_migrations"."version" FROM "schema_migrations" ORDER BY "schema_migrations"."version" ASC[0m
Started GET "/" for 127.0.0.1 at 2025-11-10 15:38:42 -0500
  [1m[36mActiveRecord::SchemaMigration Load (8.1ms)[0m  [1m[34mSELECT "schema_migrations"."version" FROM "schema_migrations" ORDER BY "schema_migrations"."version" ASC[0m
Processing by Rails::WelcomeController#index as HTML
  Rendering /home/geise.51/.local/share/gem/ruby/gems/railties-7.2.2.2/lib/rails/templates/rails/welcome/index.html.erb
  Rendered /home/geise.51/.local/share/gem/ruby/gems/railties-7.2.2.2/lib/rails/templates/rails/welcome/index.html.erb (Duration: 1.5ms | GC: 0.0ms)
Completed 200 OK in 118ms (Views: 25.7ms | ActiveRecord: 0.0ms (0 queries, 0 cached) | GC: 0.0ms)


Started GET "/Aaron" for 127.0.0.1 at 2025-11-10 15:38:47 -0500
  
ActionController::RoutingError (No route matches [GET] "/Aaron"):
  
Started GET "/favicon.ico" for 127.0.0.1 at 2025-11-10 15:38:47 -0500
  
ActionController::RoutingError (No route matches [GET] "/favicon.ico"):
  
Started GET "/aaron" for 127.0.0.1 at 2025-11-10 15:38:54 -0500
Processing by StaticPagesController#aaron as HTML
  Rendering layout layouts/application.html.erb
  Rendering static_pages/aaron.html.erb within layouts/application
  Rendered static_pages/aaron.html.erb within layouts/application (Duration: 2.9ms | GC: 0.0ms)
  Rendered layouts/partials/_header.erb (Duration: 1.8ms | GC: 0.0ms)
  Rendered layouts/partials/_footer.erb (Duration: 0.8ms | GC: 0.0ms)
  Rendered layout layouts/application.html.erb (Duration: 579.9ms | GC: 13.1ms)
Completed 200 OK in 686ms (Views: 587.4ms | ActiveRecord: 0.0ms (0 queries, 0 cached) | GC: 13.1ms)


Started GET "/manifest.json" for 127.0.0.1 at 2025-11-10 15:38:55 -0500
  
ActionController::RoutingError (No route matches [GET] "/manifest.json"):
  
  [1m[36mActiveRecord::InternalMetadata Load (7.5ms)[0m  [1m[34mSELECT * FROM "ar_internal_metadata" WHERE "ar_internal_metadata"."key" = ? ORDER BY "ar_internal_metadata"."key" ASC LIMIT 1[0m  [[nil, "environment"]]
  [1m[36mActiveRecord::SchemaMigration Load (2.2ms)[0m  [1m[34mSELECT "schema_migrations"."version" FROM "schema_migrations" ORDER BY "schema_migrations"."version" ASC[0m
Migrating to RemovePhoneFromUsers (20251110203942)
  [1m[36mTRANSACTION (0.0ms)[0m  [1m[36mbegin transaction[0m
  [1m[35m (0.0ms)[0m  [1m[35mPRAGMA foreign_keys[0m
  [1m[35m (0.3ms)[0m  [1m[35mPRAGMA defer_foreign_keys[0m
  [1m[35m (0.0ms)[0m  [1m[35mPRAGMA defer_foreign_keys = ON[0m
  [1m[35m (0.0ms)[0m  [1m[35mPRAGMA foreign_keys = OFF[0m
  [1m[35m (0.1ms)[0m  [1m[35mCREATE TEMPORARY TABLE "ausers" ("id" integer PRIMARY KEY AUTOINCREMENT NOT NULL, "name" varchar, "email" varchar, "created_at" datetime(6) NOT NULL, "updated_at" datetime(6) NOT NULL, "phone" varchar)[0m
  [1m[35m (0.1ms)[0m  [1m[32mINSERT INTO "ausers" ("id","name","email","created_at","updated_at","phone")
                     SELECT "id","name","email","created_at","updated_at","phone" FROM "users"[0m
  [1m[35m (4.7ms)[0m  [1m[35mDROP TABLE "users"[0m
  [1m[35m (0.3ms)[0m  [1m[35mCREATE TABLE "users" ("id" integer PRIMARY KEY AUTOINCREMENT NOT NULL, "name" varchar, "email" varchar, "created_at" datetime(6) NOT NULL, "updated_at" datetime(6) NOT NULL)[0m
  [1m[35m (0.6ms)[0m  [1m[32mINSERT INTO "users" ("id","name","email","created_at","updated_at")
                     SELECT "id","name","email","created_at","updated_at" FROM "ausers"[0m
  [1m[35m (0.1ms)[0m  [1m[35mDROP TABLE "ausers"[0m
  [1m[35m (0.1ms)[0m  [1m[35mPRAGMA defer_foreign_keys = 0[0m
  [1m[35m (0.0ms)[0m  [1m[35mPRAGMA foreign_keys = 1[0m
  [1m[36mActiveRecord::SchemaMigration Create (0.1ms)[0m  [1m[32mINSERT INTO "schema_migrations" ("version") VALUES ('20251110203942') RETURNING "version"[0m
  [1m[36mTRANSACTION (17.0ms)[0m  [1m[36mcommit transaction[0m
  [1m[36mActiveRecord::SchemaMigration Load (3.6ms)[0m  [1m[34mSELECT "schema_migrations"."version" FROM "schema_migrations" ORDER BY "schema_migrations"."version" ASC[0m
  [1m[36mActiveRecord::SchemaMigration Load (2.8ms)[0m  [1m[34mSELECT "schema_migrations"."version" FROM "schema_migrations" ORDER BY "schema_migrations"."version" ASC[0m
  [1m[36mActiveRecord::SchemaMigration Load (2.7ms)[0m  [1m[34mSELECT "schema_migrations"."version" FROM "schema_migrations" ORDER BY "schema_migrations"."version" ASC[0m
  [1m[36mActiveRecord::SchemaMigration Load (2.9ms)[0m  [1m[34mSELECT "schema_migrations"."version" FROM "schema_migrations" ORDER BY "schema_migrations"."version" ASC[0m
  [1m[36mActiveRecord::SchemaMigration Load (4.7ms)[0m  [1m[34mSELECT "schema_migrations"."version" FROM "schema_migrations" ORDER BY "schema_migrations"."version" ASC[0m
Migrating to RemovePhoneFromUsers (20251110203942)
  [1m[36mTRANSACTION (0.1ms)[0m  [1m[36mbegin transaction[0m
  [1m[35m (7.0ms)[0m  [1m[35mALTER TABLE "users" ADD "phone" varchar[0m
  [1m[36mActiveRecord::SchemaMigration Destroy (0.1ms)[0m  [1m[31mDELETE FROM "schema_migrations" WHERE "schema_migrations"."version" = '20251110203942'[0m
  [1m[36mTRANSACTION (20.8ms)[0m  [1m[36mcommit transaction[0m
  [1m[36mActiveRecord::SchemaMigration Load (7.7ms)[0m  [1m[34mSELECT "schema_migrations"."version" FROM "schema_migrations" ORDER BY "schema_migrations"."version" ASC[0m
Started GET "/" for 127.0.0.1 at 2025-11-12 15:08:26 -0500
  [1m[36mActiveRecord::SchemaMigration Load (4.2ms)[0m  [1m[34mSELECT "schema_migrations"."version" FROM "schema_migrations" ORDER BY "schema_migrations"."version" ASC[0m
  
ActiveRecord::PendingMigrationError (

Migrations are pending. To resolve this issue, run:

        bin/rails db:migrate

You have 1 pending migration:

db/migrate/20251110203942_remove_phone_from_users.rb


):
  
activerecord (7.2.2.2) lib/active_record/migration.rb:756:in `check_pending_migrations'
activerecord (7.2.2.2) lib/active_record/migration.rb:663:in `block (2 levels) in call'
activesupport (7.2.2.2) lib/active_support/file_update_checker.rb:85:in `execute'
activerecord (7.2.2.2) lib/active_record/migration.rb:668:in `block in call'
activerecord (7.2.2.2) lib/active_record/migration.rb:660:in `synchronize'
activerecord (7.2.2.2) lib/active_record/migration.rb:660:in `call'
actionpack (7.2.2.2) lib/action_dispatch/middleware/callbacks.rb:31:in `block in call'
activesupport (7.2.2.2) lib/active_support/callbacks.rb:101:in `run_callbacks'
actionpack (7.2.2.2) lib/action_dispatch/middleware/callbacks.rb:30:in `call'
actionpack (7.2.2.2) lib/action_dispatch/middleware/executor.rb:16:in `call'
actionpack (7.2.2.2) lib/action_dispatch/middleware/actionable_exceptions.rb:18:in `call'
actionpack (7.2.2.2) lib/action_dispatch/middleware/debug_exceptions.rb:31:in `call'
web-console (4.2.1) lib/web_console/middleware.rb:132:in `call_app'
web-console (4.2.1) lib/web_console/middleware.rb:28:in `block in call'
web-console (4.2.1) lib/web_console/middleware.rb:17:in `catch'
web-console (4.2.1) lib/web_console/middleware.rb:17:in `call'
actionpack (7.2.2.2) lib/action_dispatch/middleware/show_exceptions.rb:32:in `call'
railties (7.2.2.2) lib/rails/rack/logger.rb:41:in `call_app'
railties (7.2.2.2) lib/rails/rack/logger.rb:29:in `call'
sprockets-rails (3.5.2) lib/sprockets/rails/quiet_assets.rb:17:in `call'
actionpack (7.2.2.2) lib/action_dispatch/middleware/remote_ip.rb:96:in `call'
actionpack (7.2.2.2) lib/action_dispatch/middleware/request_id.rb:33:in `call'
rack (3.1.16) lib/rack/method_override.rb:28:in `call'
rack (3.1.16) lib/rack/runtime.rb:24:in `call'
activesupport (7.2.2.2) lib/active_support/cache/strategy/local_cache_middleware.rb:29:in `call'
actionpack (7.2.2.2) lib/action_dispatch/middleware/server_timing.rb:61:in `block in call'
actionpack (7.2.2.2) lib/action_dispatch/middleware/server_timing.rb:26:in `collect_events'
actionpack (7.2.2.2) lib/action_dispatch/middleware/server_timing.rb:60:in `call'
actionpack (7.2.2.2) lib/action_dispatch/middleware/executor.rb:16:in `call'
actionpack (7.2.2.2) lib/action_dispatch/middleware/static.rb:27:in `call'
rack (3.1.16) lib/rack/sendfile.rb:114:in `call'
actionpack (7.2.2.2) lib/action_dispatch/middleware/host_authorization.rb:143:in `call'
railties (7.2.2.2) lib/rails/engine.rb:535:in `call'
puma (7.1.0) lib/puma/configuration.rb:300:in `call'
puma (7.1.0) lib/puma/request.rb:101:in `block in handle_request'
puma (7.1.0) lib/puma/thread_pool.rb:355:in `with_force_shutdown'
puma (7.1.0) lib/puma/request.rb:100:in `handle_request'
puma (7.1.0) lib/puma/server.rb:503:in `process_client'
puma (7.1.0) lib/puma/server.rb:262:in `block in run'
puma (7.1.0) lib/puma/thread_pool.rb:182:in `block in spawn_thread'
Started GET "/favicon.ico" for 127.0.0.1 at 2025-11-12 15:08:29 -0500
  [1m[36mActiveRecord::SchemaMigration Load (4.3ms)[0m  [1m[34mSELECT "schema_migrations"."version" FROM "schema_migrations" ORDER BY "schema_migrations"."version" ASC[0m
  
ActiveRecord::PendingMigrationError (

Migrations are pending. To resolve this issue, run:

        bin/rails db:migrate

You have 1 pending migration:

db/migrate/20251110203942_remove_phone_from_users.rb


):
  
activerecord (7.2.2.2) lib/active_record/migration.rb:756:in `check_pending_migrations'
activerecord (7.2.2.2) lib/active_record/migration.rb:663:in `block (2 levels) in call'
activesupport (7.2.2.2) lib/active_support/file_update_checker.rb:85:in `execute'
activerecord (7.2.2.2) lib/active_record/migration.rb:668:in `block in call'
activerecord (7.2.2.2) lib/active_record/migration.rb:660:in `synchronize'
activerecord (7.2.2.2) lib/active_record/migration.rb:660:in `call'
actionpack (7.2.2.2) lib/action_dispatch/middleware/callbacks.rb:31:in `block in call'
activesupport (7.2.2.2) lib/active_support/callbacks.rb:101:in `run_callbacks'
actionpack (7.2.2.2) lib/action_dispatch/middleware/callbacks.rb:30:in `call'
actionpack (7.2.2.2) lib/action_dispatch/middleware/executor.rb:16:in `call'
actionpack (7.2.2.2) lib/action_dispatch/middleware/actionable_exceptions.rb:18:in `call'
actionpack (7.2.2.2) lib/action_dispatch/middleware/debug_exceptions.rb:31:in `call'
web-console (4.2.1) lib/web_console/middleware.rb:132:in `call_app'
web-console (4.2.1) lib/web_console/middleware.rb:28:in `block in call'
web-console (4.2.1) lib/web_console/middleware.rb:17:in `catch'
web-console (4.2.1) lib/web_console/middleware.rb:17:in `call'
actionpack (7.2.2.2) lib/action_dispatch/middleware/show_exceptions.rb:32:in `call'
railties (7.2.2.2) lib/rails/rack/logger.rb:41:in `call_app'
railties (7.2.2.2) lib/rails/rack/logger.rb:29:in `call'
sprockets-rails (3.5.2) lib/sprockets/rails/quiet_assets.rb:17:in `call'
actionpack (7.2.2.2) lib/action_dispatch/middleware/remote_ip.rb:96:in `call'
actionpack (7.2.2.2) lib/action_dispatch/middleware/request_id.rb:33:in `call'
rack (3.1.16) lib/rack/method_override.rb:28:in `call'
rack (3.1.16) lib/rack/runtime.rb:24:in `call'
activesupport (7.2.2.2) lib/active_support/cache/strategy/local_cache_middleware.rb:29:in `call'
actionpack (7.2.2.2) lib/action_dispatch/middleware/server_timing.rb:61:in `block in call'
actionpack (7.2.2.2) lib/action_dispatch/middleware/server_timing.rb:26:in `collect_events'
actionpack (7.2.2.2) lib/action_dispatch/middleware/server_timing.rb:60:in `call'
actionpack (7.2.2.2) lib/action_dispatch/middleware/executor.rb:16:in `call'
actionpack (7.2.2.2) lib/action_dispatch/middleware/static.rb:27:in `call'
rack (3.1.16) lib/rack/sendfile.rb:114:in `call'
actionpack (7.2.2.2) lib/action_dispatch/middleware/host_authorization.rb:143:in `call'
railties (7.2.2.2) lib/rails/engine.rb:535:in `call'
puma (7.1.0) lib/puma/configuration.rb:300:in `call'
puma (7.1.0) lib/puma/request.rb:101:in `block in handle_request'
puma (7.1.0) lib/puma/thread_pool.rb:355:in `with_force_shutdown'
puma (7.1.0) lib/puma/request.rb:100:in `handle_request'
puma (7.1.0) lib/puma/server.rb:503:in `process_client'
puma (7.1.0) lib/puma/server.rb:262:in `block in run'
puma (7.1.0) lib/puma/thread_pool.rb:182:in `block in spawn_thread'
Started POST "/rails/actions" for 127.0.0.1 at 2025-11-12 15:08:37 -0500
  [1m[36mActiveRecord::InternalMetadata Load (5.1ms)[0m  [1m[34mSELECT * FROM "ar_internal_metadata" WHERE "ar_internal_metadata"."key" = ? ORDER BY "ar_internal_metadata"."key" ASC LIMIT 1[0m  [[nil, "environment"]]
  [1m[36mActiveRecord::SchemaMigration Load (4.7ms)[0m  [1m[34mSELECT "schema_migrations"."version" FROM "schema_migrations" ORDER BY "schema_migrations"."version" ASC[0m
Migrating to RemovePhoneFromUsers (20251110203942)
  [1m[36mTRANSACTION (1.7ms)[0m  [1m[36mbegin transaction[0m
  [1m[35m (0.0ms)[0m  [1m[35mPRAGMA foreign_keys[0m
  [1m[35m (0.0ms)[0m  [1m[35mPRAGMA defer_foreign_keys[0m
  [1m[35m (0.6ms)[0m  [1m[35mPRAGMA defer_foreign_keys = ON[0m
  [1m[35m (0.3ms)[0m  [1m[35mPRAGMA foreign_keys = OFF[0m
  [1m[35m (0.1ms)[0m  [1m[35mCREATE TEMPORARY TABLE "ausers" ("id" integer PRIMARY KEY AUTOINCREMENT NOT NULL, "name" varchar, "email" varchar, "created_at" datetime(6) NOT NULL, "updated_at" datetime(6) NOT NULL, "phone" varchar)[0m
  [1m[35m (0.9ms)[0m  [1m[32mINSERT INTO "ausers" ("id","name","email","created_at","updated_at","phone")
                     SELECT "id","name","email","created_at","updated_at","phone" FROM "users"[0m
  [1m[35m (1.7ms)[0m  [1m[35mDROP TABLE "users"[0m
  [1m[35m (0.1ms)[0m  [1m[35mCREATE TABLE "users" ("id" integer PRIMARY KEY AUTOINCREMENT NOT NULL, "name" varchar, "email" varchar, "created_at" datetime(6) NOT NULL, "updated_at" datetime(6) NOT NULL)[0m
  [1m[35m (0.1ms)[0m  [1m[32mINSERT INTO "users" ("id","name","email","created_at","updated_at")
                     SELECT "id","name","email","created_at","updated_at" FROM "ausers"[0m
  [1m[35m (0.1ms)[0m  [1m[35mDROP TABLE "ausers"[0m
  [1m[35m (0.1ms)[0m  [1m[35mPRAGMA defer_foreign_keys = 0[0m
  [1m[35m (0.0ms)[0m  [1m[35mPRAGMA foreign_keys = 1[0m
  [1m[36mActiveRecord::SchemaMigration Create (0.1ms)[0m  [1m[32mINSERT INTO "schema_migrations" ("version") VALUES ('20251110203942') RETURNING "version"[0m
  [1m[36mTRANSACTION (18.2ms)[0m  [1m[36mcommit transaction[0m
  [1m[36mActiveRecord::SchemaMigration Load (3.5ms)[0m  [1m[34mSELECT "schema_migrations"."version" FROM "schema_migrations" ORDER BY "schema_migrations"."version" ASC[0m
Started GET "/" for 127.0.0.1 at 2025-11-12 15:08:37 -0500
  [1m[36mActiveRecord::SchemaMigration Load (6.6ms)[0m  [1m[34mSELECT "schema_migrations"."version" FROM "schema_migrations" ORDER BY "schema_migrations"."version" ASC[0m
Processing by Rails::WelcomeController#index as HTML
  Rendering /home/geise.51/.local/share/gem/ruby/gems/railties-7.2.2.2/lib/rails/templates/rails/welcome/index.html.erb
  Rendered /home/geise.51/.local/share/gem/ruby/gems/railties-7.2.2.2/lib/rails/templates/rails/welcome/index.html.erb (Duration: 3.2ms | GC: 0.0ms)
Completed 200 OK in 34ms (Views: 5.4ms | ActiveRecord: 0.0ms (0 queries, 0 cached) | GC: 0.0ms)


Started GET "/aaron" for 127.0.0.1 at 2025-11-12 15:08:49 -0500
Processing by StaticPagesController#aaron as HTML
  Rendering layout layouts/application.html.erb
  Rendering static_pages/aaron.html.erb within layouts/application
  Rendered static_pages/aaron.html.erb within layouts/application (Duration: 2.8ms | GC: 0.0ms)
  Rendered layouts/partials/_header.erb (Duration: 2.6ms | GC: 1.0ms)
  Rendered layouts/partials/_footer.erb (Duration: 0.8ms | GC: 0.0ms)
  Rendered layout layouts/application.html.erb (Duration: 294.3ms | GC: 38.6ms)
Completed 200 OK in 462ms (Views: 308.4ms | ActiveRecord: 0.0ms (0 queries, 0 cached) | GC: 38.6ms)


  [1m[36mUser Exists? (12.0ms)[0m  [1m[34mSELECT 1 AS one FROM "users" WHERE "users"."email" = ? LIMIT ?[0m  [["email", "[FILTERED]"], ["LIMIT", 1]]
  [1m[36mUser Exists? (11.8ms)[0m  [1m[34mSELECT 1 AS one FROM "users" WHERE "users"."email" = ? LIMIT ?[0m  [["email", "[FILTERED]"], ["LIMIT", 1]]
  [1m[36mUser Exists? (7.9ms)[0m  [1m[34mSELECT 1 AS one FROM "users" WHERE "users"."email" = ? LIMIT ?[0m  [["email", "[FILTERED]"], ["LIMIT", 1]]
  [1m[36mTRANSACTION (0.1ms)[0m  [1m[36mbegin transaction[0m
  [1m[36mUser Exists? (6.4ms)[0m  [1m[34mSELECT 1 AS one FROM "users" WHERE "users"."email" = ? LIMIT ?[0m  [["email", "[FILTERED]"], ["LIMIT", 1]]
  [1m[36mUser Create (2.6ms)[0m  [1m[32mINSERT INTO "users" ("name", "email", "created_at", "updated_at") VALUES (?, ?, ?, ?) RETURNING "id"[0m  [["name", "Aaron"], ["email", "[FILTERED]"], ["created_at", "2025-11-12 20:19:30.264637"], ["updated_at", "2025-11-12 20:19:30.264637"]]
  [1m[36mTRANSACTION (24.6ms)[0m  [1m[36mcommit transaction[0m
  [1m[36mActiveRecord::InternalMetadata Load (8.9ms)[0m  [1m[34mSELECT * FROM "ar_internal_metadata" WHERE "ar_internal_metadata"."key" = ? ORDER BY "ar_internal_metadata"."key" ASC LIMIT 1[0m  [[nil, "environment"]]
  [1m[36mActiveRecord::SchemaMigration Load (5.1ms)[0m  [1m[34mSELECT "schema_migrations"."version" FROM "schema_migrations" ORDER BY "schema_migrations"."version" ASC[0m
  [1m[36mActiveRecord::SchemaMigration Load (6.9ms)[0m  [1m[34mSELECT "schema_migrations"."version" FROM "schema_migrations" ORDER BY "schema_migrations"."version" ASC[0m
  [1m[36mActiveRecord::InternalMetadata Load (11.5ms)[0m  [1m[34mSELECT * FROM "ar_internal_metadata" WHERE "ar_internal_metadata"."key" = ? ORDER BY "ar_internal_metadata"."key" ASC LIMIT 1[0m  [[nil, "environment"]]
  [1m[36mActiveRecord::SchemaMigration Load (7.9ms)[0m  [1m[34mSELECT "schema_migrations"."version" FROM "schema_migrations" ORDER BY "schema_migrations"."version" ASC[0m
Migrating to AddTitleToUsers (20251112202528)
  [1m[36mTRANSACTION (0.0ms)[0m  [1m[36mbegin transaction[0m
  [1m[35m (6.7ms)[0m  [1m[35mALTER TABLE "users" ADD "title" varchar[0m
  [1m[36mActiveRecord::SchemaMigration Create (0.1ms)[0m  [1m[32mINSERT INTO "schema_migrations" ("version") VALUES ('20251112202528') RETURNING "version"[0m
  [1m[36mTRANSACTION (16.8ms)[0m  [1m[36mcommit transaction[0m
  [1m[36mActiveRecord::SchemaMigration Load (11.0ms)[0m  [1m[34mSELECT "schema_migrations"."version" FROM "schema_migrations" ORDER BY "schema_migrations"."version" ASC[0m
  [1m[36mActiveRecord::InternalMetadata Load (3.9ms)[0m  [1m[34mSELECT * FROM "ar_internal_metadata" WHERE "ar_internal_metadata"."key" = ? ORDER BY "ar_internal_metadata"."key" ASC LIMIT 1[0m  [[nil, "environment"]]
  [1m[36mActiveRecord::SchemaMigration Load (7.4ms)[0m  [1m[34mSELECT "schema_migrations"."version" FROM "schema_migrations" ORDER BY "schema_migrations"."version" ASC[0m
  [1m[36mActiveRecord::SchemaMigration Load (6.0ms)[0m  [1m[34mSELECT "schema_migrations"."version" FROM "schema_migrations" ORDER BY "schema_migrations"."version" ASC[0m
  [1m[36mActiveRecord::InternalMetadata Load (5.4ms)[0m  [1m[34mSELECT * FROM "ar_internal_metadata" WHERE "ar_internal_metadata"."key" = ? ORDER BY "ar_internal_metadata"."key" ASC LIMIT 1[0m  [[nil, "environment"]]
  [1m[36mActiveRecord::SchemaMigration Load (3.2ms)[0m  [1m[34mSELECT "schema_migrations"."version" FROM "schema_migrations" ORDER BY "schema_migrations"."version" ASC[0m
  [1m[36mActiveRecord::SchemaMigration Load (5.0ms)[0m  [1m[34mSELECT "schema_migrations"."version" FROM "schema_migrations" ORDER BY "schema_migrations"."version" ASC[0m
  [1m[36mActiveRecord::InternalMetadata Load (6.5ms)[0m  [1m[34mSELECT * FROM "ar_internal_metadata" WHERE "ar_internal_metadata"."key" = ? ORDER BY "ar_internal_metadata"."key" ASC LIMIT 1[0m  [[nil, "environment"]]
  [1m[36mActiveRecord::SchemaMigration Load (2.1ms)[0m  [1m[34mSELECT "schema_migrations"."version" FROM "schema_migrations" ORDER BY "schema_migrations"."version" ASC[0m
Migrating to CreatePosts (20251112202812)
  [1m[36mTRANSACTION (0.0ms)[0m  [1m[36mbegin transaction[0m
  [1m[35m (14.3ms)[0m  [1m[35mCREATE TABLE "posts" ("id" integer PRIMARY KEY AUTOINCREMENT NOT NULL, "title" varchar, "topic" varchar, "created_at" datetime(6) NOT NULL, "updated_at" datetime(6) NOT NULL)[0m
  [1m[36mActiveRecord::SchemaMigration Create (0.1ms)[0m  [1m[32mINSERT INTO "schema_migrations" ("version") VALUES ('20251112202812') RETURNING "version"[0m
  [1m[36mTRANSACTION (15.5ms)[0m  [1m[36mcommit transaction[0m
  [1m[36mActiveRecord::SchemaMigration Load (8.2ms)[0m  [1m[34mSELECT "schema_migrations"."version" FROM "schema_migrations" ORDER BY "schema_migrations"."version" ASC[0m
  [1m[36mActiveRecord::InternalMetadata Load (11.5ms)[0m  [1m[34mSELECT * FROM "ar_internal_metadata" WHERE "ar_internal_metadata"."key" = ? ORDER BY "ar_internal_metadata"."key" ASC LIMIT 1[0m  [[nil, "environment"]]
  [1m[36mActiveRecord::SchemaMigration Load (3.3ms)[0m  [1m[34mSELECT "schema_migrations"."version" FROM "schema_migrations" ORDER BY "schema_migrations"."version" ASC[0m
Migrating to AddUserToPosts (20251112203706)
  [1m[36mTRANSACTION (0.0ms)[0m  [1m[36mbegin transaction[0m
  [1m[35m (0.0ms)[0m  [1m[35mPRAGMA foreign_keys[0m
  [1m[35m (0.3ms)[0m  [1m[35mPRAGMA defer_foreign_keys[0m
  [1m[35m (0.0ms)[0m  [1m[35mPRAGMA defer_foreign_keys = ON[0m
  [1m[35m (0.0ms)[0m  [1m[35mPRAGMA foreign_keys = OFF[0m
  [1m[35m (0.1ms)[0m  [1m[35mCREATE TEMPORARY TABLE "aposts" ("id" integer PRIMARY KEY AUTOINCREMENT NOT NULL, "title" varchar, "topic" varchar, "created_at" datetime(6) NOT NULL, "updated_at" datetime(6) NOT NULL)[0m
  [1m[35m (0.1ms)[0m  [1m[32mINSERT INTO "aposts" ("id","title","topic","created_at","updated_at")
                     SELECT "id","title","topic","created_at","updated_at" FROM "posts"[0m
  [1m[35m (4.3ms)[0m  [1m[35mDROP TABLE "posts"[0m
  [1m[35m (0.2ms)[0m  [1m[35mCREATE TABLE "posts" ("id" integer PRIMARY KEY AUTOINCREMENT NOT NULL, "title" varchar, "topic" varchar, "created_at" datetime(6) NOT NULL, "updated_at" datetime(6) NOT NULL, "user_id" integer NOT NULL)[0m
  [1m[35m (0.6ms)[0m  [1m[32mINSERT INTO "posts" ("id","title","topic","created_at","updated_at")
                     SELECT "id","title","topic","created_at","updated_at" FROM "aposts"[0m
  [1m[35m (0.1ms)[0m  [1m[35mDROP TABLE "aposts"[0m
  [1m[35m (0.1ms)[0m  [1m[35mPRAGMA defer_foreign_keys = 0[0m
  [1m[35m (0.0ms)[0m  [1m[35mPRAGMA foreign_keys = 1[0m
  [1m[35m (0.1ms)[0m  [1m[35mCREATE INDEX "index_posts_on_user_id" ON "posts" ("user_id")[0m
  [1m[35m (0.0ms)[0m  [1m[35mPRAGMA foreign_keys[0m
  [1m[35m (0.0ms)[0m  [1m[35mPRAGMA defer_foreign_keys[0m
  [1m[35m (0.0ms)[0m  [1m[35mPRAGMA defer_foreign_keys = ON[0m
  [1m[35m (0.0ms)[0m  [1m[35mPRAGMA foreign_keys = OFF[0m
  [1m[35m (0.1ms)[0m  [1m[35mCREATE TEMPORARY TABLE "aposts" ("id" integer PRIMARY KEY AUTOINCREMENT NOT NULL, "title" varchar, "topic" varchar, "created_at" datetime(6) NOT NULL, "updated_at" datetime(6) NOT NULL, "user_id" integer NOT NULL)[0m
  [1m[35m (0.1ms)[0m  [1m[35mCREATE INDEX "tindex_aposts_on_user_id" ON "aposts" ("user_id")[0m
  [1m[35m (0.1ms)[0m  [1m[32mINSERT INTO "aposts" ("id","title","topic","created_at","updated_at","user_id")
                     SELECT "id","title","topic","created_at","updated_at","user_id" FROM "posts"[0m
  [1m[35m (0.2ms)[0m  [1m[35mDROP TABLE "posts"[0m
  [1m[35m (0.1ms)[0m  [1m[35mCREATE TABLE "posts" ("id" integer PRIMARY KEY AUTOINCREMENT NOT NULL, "title" varchar, "topic" varchar, "created_at" datetime(6) NOT NULL, "updated_at" datetime(6) NOT NULL, "user_id" integer NOT NULL, CONSTRAINT "fk_rails_5b5ddfd518"
FOREIGN KEY ("user_id")
  REFERENCES "users" ("id")
)[0m
  [1m[35m (0.1ms)[0m  [1m[35mCREATE INDEX "index_posts_on_user_id" ON "posts" ("user_id")[0m
  [1m[35m (0.0ms)[0m  [1m[32mINSERT INTO "posts" ("id","title","topic","created_at","updated_at","user_id")
                     SELECT "id","title","topic","created_at","updated_at","user_id" FROM "aposts"[0m
  [1m[35m (0.1ms)[0m  [1m[35mDROP TABLE "aposts"[0m
  [1m[35m (0.0ms)[0m  [1m[35mPRAGMA defer_foreign_keys = 0[0m
  [1m[35m (0.0ms)[0m  [1m[35mPRAGMA foreign_keys = 1[0m
  [1m[36mActiveRecord::SchemaMigration Create (0.1ms)[0m  [1m[32mINSERT INTO "schema_migrations" ("version") VALUES ('20251112203706') RETURNING "version"[0m
  [1m[36mTRANSACTION (22.3ms)[0m  [1m[36mcommit transaction[0m
  [1m[36mActiveRecord::SchemaMigration Load (4.1ms)[0m  [1m[34mSELECT "schema_migrations"."version" FROM "schema_migrations" ORDER BY "schema_migrations"."version" ASC[0m
  [1m[36mUser Load (6.3ms)[0m  [1m[34mSELECT "users".* FROM "users" WHERE "users"."id" = ? LIMIT ?[0m  [["id", 2], ["LIMIT", 1]]
  [1m[36mTRANSACTION (0.1ms)[0m  [1m[36mbegin transaction[0m
  [1m[36mPost Create (8.9ms)[0m  [1m[32mINSERT INTO "posts" ("title", "topic", "created_at", "updated_at", "user_id") VALUES (?, ?, ?, ?, ?) RETURNING "id"[0m  [["title", "title"], ["topic", "topic"], ["created_at", "2025-11-12 20:42:15.169569"], ["updated_at", "2025-11-12 20:42:15.169569"], ["user_id", 2]]
  [1m[36mTRANSACTION (5.4ms)[0m  [1m[36mcommit transaction[0m
  [1m[36mUser Load (6.9ms)[0m  [1m[34mSELECT "users".* FROM "users" WHERE "users"."id" = ? LIMIT ?[0m  [["id", 2], ["LIMIT", 1]]
  [1m[36mTRANSACTION (0.6ms)[0m  [1m[36mbegin transaction[0m
  [1m[36mPost Load (8.5ms)[0m  [1m[34mSELECT "posts".* FROM "posts" WHERE "posts"."user_id" = ?[0m  [["user_id", 2]]
  [1m[36mPost Destroy (5.4ms)[0m  [1m[31mDELETE FROM "posts" WHERE "posts"."id" = ?[0m  [["id", 1]]
  [1m[36mUser Destroy (0.1ms)[0m  [1m[31mDELETE FROM "users" WHERE "users"."id" = ?[0m  [["id", 2]]
  [1m[36mTRANSACTION (5.1ms)[0m  [1m[36mcommit transaction[0m
  [1m[36mActiveRecord::InternalMetadata Load (13.0ms)[0m  [1m[34mSELECT * FROM "ar_internal_metadata" WHERE "ar_internal_metadata"."key" = ? ORDER BY "ar_internal_metadata"."key" ASC LIMIT 1[0m  [[nil, "environment"]]
  [1m[36mActiveRecord::SchemaMigration Load (3.1ms)[0m  [1m[34mSELECT "schema_migrations"."version" FROM "schema_migrations" ORDER BY "schema_migrations"."version" ASC[0m
Migrating to AddPasswordToUsers (20251112204747)
  [1m[36mTRANSACTION (0.0ms)[0m  [1m[36mbegin transaction[0m
  [1m[35m (9.9ms)[0m  [1m[35mALTER TABLE "users" ADD "password_digest" varchar[0m
  [1m[36mActiveRecord::SchemaMigration Create (0.1ms)[0m  [1m[32mINSERT INTO "schema_migrations" ("version") VALUES ('20251112204747') RETURNING "version"[0m
  [1m[36mTRANSACTION (2.5ms)[0m  [1m[36mcommit transaction[0m
  [1m[36mActiveRecord::SchemaMigration Load (4.8ms)[0m  [1m[34mSELECT "schema_migrations"."version" FROM "schema_migrations" ORDER BY "schema_migrations"."version" ASC[0m
  [1m[36mUser Exists? (4.5ms)[0m  [1m[34mSELECT 1 AS one FROM "users" WHERE "users"."email" = ? LIMIT ?[0m  [["email", "[FILTERED]"], ["LIMIT", 1]]
  [1m[36mTRANSACTION (0.1ms)[0m  [1m[36mbegin transaction[0m
  [1m[36mUser Exists? (4.3ms)[0m  [1m[34mSELECT 1 AS one FROM "users" WHERE "users"."email" = ? LIMIT ?[0m  [["email", "[FILTERED]"], ["LIMIT", 1]]
  [1m[36mUser Create (2.5ms)[0m  [1m[32mINSERT INTO "users" ("name", "email", "created_at", "updated_at", "title", "password_digest") VALUES (?, ?, ?, ?, ?, ?) RETURNING "id"[0m  [["name", "Aaron D Geise"], ["email", "[FILTERED]"], ["created_at", "2025-11-12 20:51:39.858667"], ["updated_at", "2025-11-12 20:51:39.858667"], ["title", nil], ["password_digest", "[FILTERED]"]]
  [1m[36mTRANSACTION (4.4ms)[0m  [1m[36mcommit transaction[0m
  [1m[36mActiveRecord::SchemaMigration Load (10.7ms)[0m  [1m[34mSELECT "schema_migrations"."version" FROM "schema_migrations" ORDER BY "schema_migrations"."version" ASC[0m
  [1m[36mActiveRecord::InternalMetadata Load (11.0ms)[0m  [1m[34mSELECT * FROM "ar_internal_metadata" WHERE "ar_internal_metadata"."key" = ? ORDER BY "ar_internal_metadata"."key" ASC LIMIT 1[0m  [[nil, "environment"]]
  [1m[36mActiveRecord::SchemaMigration Load (5.5ms)[0m  [1m[34mSELECT "schema_migrations"."version" FROM "schema_migrations" ORDER BY "schema_migrations"."version" ASC[0m
  [1m[36mActiveRecord::InternalMetadata Load (6.4ms)[0m  [1m[34mSELECT * FROM "ar_internal_metadata" WHERE "ar_internal_metadata"."key" = ? ORDER BY "ar_internal_metadata"."key" ASC LIMIT 1[0m  [[nil, "environment"]]
  [1m[36mActiveRecord::SchemaMigration Load (4.2ms)[0m  [1m[34mSELECT "schema_migrations"."version" FROM "schema_migrations" ORDER BY "schema_migrations"."version" ASC[0m
  [1m[36mActiveRecord::InternalMetadata Load (6.3ms)[0m  [1m[34mSELECT * FROM "ar_internal_metadata" WHERE "ar_internal_metadata"."key" = ? ORDER BY "ar_internal_metadata"."key" ASC LIMIT 1[0m  [[nil, "environment"]]
  [1m[35m (76.4ms)[0m  [1m[35mDROP TABLE IF EXISTS "posts"[0m
  [1m[35m (25.5ms)[0m  [1m[35mCREATE TABLE "posts" ("id" integer PRIMARY KEY AUTOINCREMENT NOT NULL, "title" varchar, "topic" varchar, "created_at" datetime(6) NOT NULL, "updated_at" datetime(6) NOT NULL, "user_id" integer NOT NULL)[0m
  [1m[35m (14.1ms)[0m  [1m[35mCREATE INDEX "index_posts_on_user_id" ON "posts" ("user_id")[0m
  [1m[35m (4.3ms)[0m  [1m[35mDROP TABLE IF EXISTS "users"[0m
  [1m[35m (13.4ms)[0m  [1m[35mCREATE TABLE "users" ("id" integer PRIMARY KEY AUTOINCREMENT NOT NULL, "name" varchar, "email" varchar, "created_at" datetime(6) NOT NULL, "updated_at" datetime(6) NOT NULL, "title" varchar, "password_digest" varchar)[0m
  [1m[36mTRANSACTION (0.9ms)[0m  [1m[36mbegin transaction[0m
  [1m[35m (2.5ms)[0m  [1m[35mPRAGMA foreign_keys[0m
  [1m[35m (0.1ms)[0m  [1m[35mPRAGMA defer_foreign_keys[0m
  [1m[35m (0.8ms)[0m  [1m[35mPRAGMA defer_foreign_keys = ON[0m
  [1m[35m (0.0ms)[0m  [1m[35mPRAGMA foreign_keys = OFF[0m
  [1m[35m (0.7ms)[0m  [1m[35mCREATE TEMPORARY TABLE "aposts" ("id" integer PRIMARY KEY AUTOINCREMENT NOT NULL, "title" varchar, "topic" varchar, "created_at" datetime(6) NOT NULL, "updated_at" datetime(6) NOT NULL, "user_id" integer NOT NULL)[0m
  [1m[35m (0.1ms)[0m  [1m[35mCREATE INDEX "tindex_aposts_on_user_id" ON "aposts" ("user_id")[0m
  [1m[35m (0.1ms)[0m  [1m[32mINSERT INTO "aposts" ("id","title","topic","created_at","updated_at","user_id")
                     SELECT "id","title","topic","created_at","updated_at","user_id" FROM "posts"[0m
  [1m[35m (5.4ms)[0m  [1m[35mDROP TABLE "posts"[0m
  [1m[35m (0.4ms)[0m  [1m[35mCREATE TABLE "posts" ("id" integer PRIMARY KEY AUTOINCREMENT NOT NULL, "title" varchar, "topic" varchar, "created_at" datetime(6) NOT NULL, "updated_at" datetime(6) NOT NULL, "user_id" integer NOT NULL, CONSTRAINT "fk_rails_5b5ddfd518"
FOREIGN KEY ("user_id")
  REFERENCES "users" ("id")
)[0m
  [1m[35m (0.1ms)[0m  [1m[35mCREATE INDEX "index_posts_on_user_id" ON "posts" ("user_id")[0m
  [1m[35m (0.0ms)[0m  [1m[32mINSERT INTO "posts" ("id","title","topic","created_at","updated_at","user_id")
                     SELECT "id","title","topic","created_at","updated_at","user_id" FROM "aposts"[0m
  [1m[35m (0.1ms)[0m  [1m[35mDROP TABLE "aposts"[0m
  [1m[35m (0.0ms)[0m  [1m[35mPRAGMA defer_foreign_keys = 0[0m
  [1m[35m (0.0ms)[0m  [1m[35mPRAGMA foreign_keys = 1[0m
  [1m[36mTRANSACTION (6.2ms)[0m  [1m[36mcommit transaction[0m
  [1m[35m (11.3ms)[0m  [1m[35mCREATE TABLE "schema_migrations" ("version" varchar NOT NULL PRIMARY KEY)[0m
  [1m[36mActiveRecord::SchemaMigration Load (5.2ms)[0m  [1m[34mSELECT "schema_migrations"."version" FROM "schema_migrations" ORDER BY "schema_migrations"."version" ASC[0m
  [1m[35m (18.8ms)[0m  [1m[32mINSERT INTO "schema_migrations" (version) VALUES (20251112204747)[0m
  [1m[35m (32.0ms)[0m  [1m[32mINSERT INTO "schema_migrations" (version) VALUES
(20251112203706),
(20251112202812),
(20251112202528),
(20251110203320),
(20251107202958);[0m
  [1m[35m (13.4ms)[0m  [1m[35mCREATE TABLE "ar_internal_metadata" ("key" varchar NOT NULL PRIMARY KEY, "value" varchar, "created_at" datetime(6) NOT NULL, "updated_at" datetime(6) NOT NULL)[0m
  [1m[36mActiveRecord::InternalMetadata Load (15.4ms)[0m  [1m[34mSELECT * FROM "ar_internal_metadata" WHERE "ar_internal_metadata"."key" = ? ORDER BY "ar_internal_metadata"."key" ASC LIMIT 1[0m  [[nil, "environment"]]
  [1m[36mActiveRecord::InternalMetadata Create (18.6ms)[0m  [1m[32mINSERT INTO "ar_internal_metadata" ("key", "value", "created_at", "updated_at") VALUES ('environment', 'development', '2025-11-12 20:55:00.241329', '2025-11-12 20:55:00.241332') RETURNING "key"[0m
  [1m[36mActiveRecord::InternalMetadata Load (3.2ms)[0m  [1m[34mSELECT * FROM "ar_internal_metadata" WHERE "ar_internal_metadata"."key" = ? ORDER BY "ar_internal_metadata"."key" ASC LIMIT 1[0m  [[nil, "environment"]]
  [1m[36mActiveRecord::InternalMetadata Load (3.3ms)[0m  [1m[34mSELECT * FROM "ar_internal_metadata" WHERE "ar_internal_metadata"."key" = ? ORDER BY "ar_internal_metadata"."key" ASC LIMIT 1[0m  [[nil, "schema_sha1"]]
  [1m[36mActiveRecord::InternalMetadata Create (15.0ms)[0m  [1m[32mINSERT INTO "ar_internal_metadata" ("key", "value", "created_at", "updated_at") VALUES ('schema_sha1', '6837b8081c83211e64bc3344f5ec25c9431a3eb1', '2025-11-12 20:55:00.280332', '2025-11-12 20:55:00.280336') RETURNING "key"[0m
  [1m[35m (92.3ms)[0m  [1m[35mDROP TABLE IF EXISTS "posts"[0m
  [1m[35m (39.4ms)[0m  [1m[35mCREATE TABLE "posts" ("id" integer PRIMARY KEY AUTOINCREMENT NOT NULL, "title" varchar, "topic" varchar, "created_at" datetime(6) NOT NULL, "updated_at" datetime(6) NOT NULL, "user_id" integer NOT NULL)[0m
  [1m[35m (20.4ms)[0m  [1m[35mCREATE INDEX "index_posts_on_user_id" ON "posts" ("user_id")[0m
  [1m[35m (22.6ms)[0m  [1m[35mDROP TABLE IF EXISTS "users"[0m
  [1m[35m (7.7ms)[0m  [1m[35mCREATE TABLE "users" ("id" integer PRIMARY KEY AUTOINCREMENT NOT NULL, "name" varchar, "email" varchar, "created_at" datetime(6) NOT NULL, "updated_at" datetime(6) NOT NULL, "title" varchar, "password_digest" varchar)[0m
  [1m[36mTRANSACTION (0.1ms)[0m  [1m[36mbegin transaction[0m
  [1m[35m (1.0ms)[0m  [1m[35mPRAGMA foreign_keys[0m
  [1m[35m (0.0ms)[0m  [1m[35mPRAGMA defer_foreign_keys[0m
  [1m[35m (0.0ms)[0m  [1m[35mPRAGMA defer_foreign_keys = ON[0m
  [1m[35m (0.0ms)[0m  [1m[35mPRAGMA foreign_keys = OFF[0m
  [1m[35m (0.1ms)[0m  [1m[35mCREATE TEMPORARY TABLE "aposts" ("id" integer PRIMARY KEY AUTOINCREMENT NOT NULL, "title" varchar, "topic" varchar, "created_at" datetime(6) NOT NULL, "updated_at" datetime(6) NOT NULL, "user_id" integer NOT NULL)[0m
  [1m[35m (0.1ms)[0m  [1m[35mCREATE INDEX "tindex_aposts_on_user_id" ON "aposts" ("user_id")[0m
  [1m[35m (0.0ms)[0m  [1m[32mINSERT INTO "aposts" ("id","title","topic","created_at","updated_at","user_id")
                     SELECT "id","title","topic","created_at","updated_at","user_id" FROM "posts"[0m
  [1m[35m (7.9ms)[0m  [1m[35mDROP TABLE "posts"[0m
  [1m[35m (0.1ms)[0m  [1m[35mCREATE TABLE "posts" ("id" integer PRIMARY KEY AUTOINCREMENT NOT NULL, "title" varchar, "topic" varchar, "created_at" datetime(6) NOT NULL, "updated_at" datetime(6) NOT NULL, "user_id" integer NOT NULL, CONSTRAINT "fk_rails_5b5ddfd518"
FOREIGN KEY ("user_id")
  REFERENCES "users" ("id")
)[0m
  [1m[35m (0.1ms)[0m  [1m[35mCREATE INDEX "index_posts_on_user_id" ON "posts" ("user_id")[0m
  [1m[35m (0.0ms)[0m  [1m[32mINSERT INTO "posts" ("id","title","topic","created_at","updated_at","user_id")
                     SELECT "id","title","topic","created_at","updated_at","user_id" FROM "aposts"[0m
  [1m[35m (0.1ms)[0m  [1m[35mDROP TABLE "aposts"[0m
  [1m[35m (0.0ms)[0m  [1m[35mPRAGMA defer_foreign_keys = 0[0m
  [1m[35m (0.0ms)[0m  [1m[35mPRAGMA foreign_keys = 1[0m
  [1m[36mTRANSACTION (3.0ms)[0m  [1m[36mcommit transaction[0m
  [1m[35m (12.9ms)[0m  [1m[35mCREATE TABLE "schema_migrations" ("version" varchar NOT NULL PRIMARY KEY)[0m
  [1m[36mActiveRecord::SchemaMigration Load (3.8ms)[0m  [1m[34mSELECT "schema_migrations"."version" FROM "schema_migrations" ORDER BY "schema_migrations"."version" ASC[0m
  [1m[35m (9.4ms)[0m  [1m[32mINSERT INTO "schema_migrations" (version) VALUES (20251112204747)[0m
  [1m[35m (14.5ms)[0m  [1m[32mINSERT INTO "schema_migrations" (version) VALUES
(20251112203706),
(20251112202812),
(20251112202528),
(20251110203320),
(20251107202958);[0m
  [1m[35m (10.6ms)[0m  [1m[35mCREATE TABLE "ar_internal_metadata" ("key" varchar NOT NULL PRIMARY KEY, "value" varchar, "created_at" datetime(6) NOT NULL, "updated_at" datetime(6) NOT NULL)[0m
  [1m[36mActiveRecord::InternalMetadata Load (8.4ms)[0m  [1m[34mSELECT * FROM "ar_internal_metadata" WHERE "ar_internal_metadata"."key" = ? ORDER BY "ar_internal_metadata"."key" ASC LIMIT 1[0m  [[nil, "environment"]]
  [1m[36mActiveRecord::InternalMetadata Create (12.7ms)[0m  [1m[32mINSERT INTO "ar_internal_metadata" ("key", "value", "created_at", "updated_at") VALUES ('environment', 'development', '2025-11-12 20:55:00.666171', '2025-11-12 20:55:00.666175') RETURNING "key"[0m
  [1m[36mActiveRecord::InternalMetadata Load (6.2ms)[0m  [1m[34mSELECT * FROM "ar_internal_metadata" WHERE "ar_internal_metadata"."key" = ? ORDER BY "ar_internal_metadata"."key" ASC LIMIT 1[0m  [[nil, "environment"]]
  [1m[36mActiveRecord::InternalMetadata Update (12.0ms)[0m  [1m[33mUPDATE "ar_internal_metadata" SET "value" = 'test', "updated_at" = '2025-11-12 20:55:00.702102' WHERE "ar_internal_metadata"."key" = 'environment'[0m
  [1m[36mActiveRecord::InternalMetadata Load (11.6ms)[0m  [1m[34mSELECT * FROM "ar_internal_metadata" WHERE "ar_internal_metadata"."key" = ? ORDER BY "ar_internal_metadata"."key" ASC LIMIT 1[0m  [[nil, "schema_sha1"]]
  [1m[36mActiveRecord::InternalMetadata Create (13.6ms)[0m  [1m[32mINSERT INTO "ar_internal_metadata" ("key", "value", "created_at", "updated_at") VALUES ('schema_sha1', '6837b8081c83211e64bc3344f5ec25c9431a3eb1', '2025-11-12 20:55:00.727928', '2025-11-12 20:55:00.727931') RETURNING "key"[0m
  [1m[36mActiveRecord::SchemaMigration Load (10.7ms)[0m  [1m[34mSELECT "schema_migrations"."version" FROM "schema_migrations" ORDER BY "schema_migrations"."version" ASC[0m
  [1m[36mUser Exists? (4.5ms)[0m  [1m[34mSELECT 1 AS one FROM "users" WHERE "users"."email" IS NULL LIMIT ?[0m  [["LIMIT", 1]]
  [1m[36mUser Exists? (6.0ms)[0m  [1m[34mSELECT 1 AS one FROM "users" WHERE "users"."email" = ? LIMIT ?[0m  [["email", "[FILTERED]"], ["LIMIT", 1]]
  [1m[36mTRANSACTION (0.1ms)[0m  [1m[36mbegin transaction[0m
  [1m[36mUser Exists? (4.6ms)[0m  [1m[34mSELECT 1 AS one FROM "users" WHERE "users"."email" = ? LIMIT ?[0m  [["email", "[FILTERED]"], ["LIMIT", 1]]
  [1m[36mUser Create (2.9ms)[0m  [1m[32mINSERT INTO "users" ("name", "email", "created_at", "updated_at", "title", "password_digest") VALUES (?, ?, ?, ?, ?, ?) RETURNING "id"[0m  [["name", "James"], ["email", "[FILTERED]"], ["created_at", "2025-11-14 20:10:47.316468"], ["updated_at", "2025-11-14 20:10:47.316468"], ["title", nil], ["password_digest", "[FILTERED]"]]
  [1m[36mTRANSACTION (2.3ms)[0m  [1m[36mcommit transaction[0m
  [1m[36mActiveRecord::SchemaMigration Load (5.2ms)[0m  [1m[34mSELECT "schema_migrations"."version" FROM "schema_migrations" ORDER BY "schema_migrations"."version" ASC[0m
  [1m[36mActiveRecord::InternalMetadata Load (3.8ms)[0m  [1m[34mSELECT * FROM "ar_internal_metadata" WHERE "ar_internal_metadata"."key" = ? ORDER BY "ar_internal_metadata"."key" ASC LIMIT 1[0m  [[nil, "environment"]]
  [1m[36mActiveRecord::SchemaMigration Load (5.6ms)[0m  [1m[34mSELECT "schema_migrations"."version" FROM "schema_migrations" ORDER BY "schema_migrations"."version" ASC[0m
  [1m[36mActiveRecord::InternalMetadata Load (7.3ms)[0m  [1m[34mSELECT * FROM "ar_internal_metadata" WHERE "ar_internal_metadata"."key" = ? ORDER BY "ar_internal_metadata"."key" ASC LIMIT 1[0m  [[nil, "environment"]]
  [1m[36mActiveRecord::SchemaMigration Load (2.7ms)[0m  [1m[34mSELECT "schema_migrations"."version" FROM "schema_migrations" ORDER BY "schema_migrations"."version" ASC[0m
  [1m[36mActiveRecord::InternalMetadata Load (2.4ms)[0m  [1m[34mSELECT * FROM "ar_internal_metadata" WHERE "ar_internal_metadata"."key" = ? ORDER BY "ar_internal_metadata"."key" ASC LIMIT 1[0m  [[nil, "environment"]]
  [1m[35m (93.6ms)[0m  [1m[35mDROP TABLE IF EXISTS "posts"[0m
  [1m[35m (29.3ms)[0m  [1m[35mCREATE TABLE "posts" ("id" integer PRIMARY KEY AUTOINCREMENT NOT NULL, "title" varchar, "topic" varchar, "created_at" datetime(6) NOT NULL, "updated_at" datetime(6) NOT NULL, "user_id" integer NOT NULL)[0m
  [1m[35m (13.7ms)[0m  [1m[35mCREATE INDEX "index_posts_on_user_id" ON "posts" ("user_id")[0m
  [1m[35m (8.0ms)[0m  [1m[35mDROP TABLE IF EXISTS "users"[0m
  [1m[35m (9.6ms)[0m  [1m[35mCREATE TABLE "users" ("id" integer PRIMARY KEY AUTOINCREMENT NOT NULL, "name" varchar, "email" varchar, "created_at" datetime(6) NOT NULL, "updated_at" datetime(6) NOT NULL, "title" varchar, "password_digest" varchar)[0m
  [1m[36mTRANSACTION (0.8ms)[0m  [1m[36mbegin transaction[0m
  [1m[35m (1.9ms)[0m  [1m[35mPRAGMA foreign_keys[0m
  [1m[35m (0.1ms)[0m  [1m[35mPRAGMA defer_foreign_keys[0m
  [1m[35m (0.8ms)[0m  [1m[35mPRAGMA defer_foreign_keys = ON[0m
  [1m[35m (0.0ms)[0m  [1m[35mPRAGMA foreign_keys = OFF[0m
  [1m[35m (0.7ms)[0m  [1m[35mCREATE TEMPORARY TABLE "aposts" ("id" integer PRIMARY KEY AUTOINCREMENT NOT NULL, "title" varchar, "topic" varchar, "created_at" datetime(6) NOT NULL, "updated_at" datetime(6) NOT NULL, "user_id" integer NOT NULL)[0m
  [1m[35m (0.1ms)[0m  [1m[35mCREATE INDEX "tindex_aposts_on_user_id" ON "aposts" ("user_id")[0m
  [1m[35m (0.0ms)[0m  [1m[32mINSERT INTO "aposts" ("id","title","topic","created_at","updated_at","user_id")
                     SELECT "id","title","topic","created_at","updated_at","user_id" FROM "posts"[0m
  [1m[35m (3.8ms)[0m  [1m[35mDROP TABLE "posts"[0m
  [1m[35m (0.4ms)[0m  [1m[35mCREATE TABLE "posts" ("id" integer PRIMARY KEY AUTOINCREMENT NOT NULL, "title" varchar, "topic" varchar, "created_at" datetime(6) NOT NULL, "updated_at" datetime(6) NOT NULL, "user_id" integer NOT NULL, CONSTRAINT "fk_rails_5b5ddfd518"
FOREIGN KEY ("user_id")
  REFERENCES "users" ("id")
)[0m
  [1m[35m (0.1ms)[0m  [1m[35mCREATE INDEX "index_posts_on_user_id" ON "posts" ("user_id")[0m
  [1m[35m (0.0ms)[0m  [1m[32mINSERT INTO "posts" ("id","title","topic","created_at","updated_at","user_id")
                     SELECT "id","title","topic","created_at","updated_at","user_id" FROM "aposts"[0m
  [1m[35m (0.1ms)[0m  [1m[35mDROP TABLE "aposts"[0m
  [1m[35m (0.0ms)[0m  [1m[35mPRAGMA defer_foreign_keys = 0[0m
  [1m[35m (0.0ms)[0m  [1m[35mPRAGMA foreign_keys = 1[0m
  [1m[36mTRANSACTION (3.0ms)[0m  [1m[36mcommit transaction[0m
  [1m[35m (13.8ms)[0m  [1m[35mCREATE TABLE "schema_migrations" ("version" varchar NOT NULL PRIMARY KEY)[0m
  [1m[36mActiveRecord::SchemaMigration Load (5.5ms)[0m  [1m[34mSELECT "schema_migrations"."version" FROM "schema_migrations" ORDER BY "schema_migrations"."version" ASC[0m
  [1m[35m (10.9ms)[0m  [1m[32mINSERT INTO "schema_migrations" (version) VALUES (20251112204747)[0m
  [1m[35m (16.9ms)[0m  [1m[32mINSERT INTO "schema_migrations" (version) VALUES
(20251112203706),
(20251112202812),
(20251112202528),
(20251110203320),
(20251107202958);[0m
  [1m[35m (11.0ms)[0m  [1m[35mCREATE TABLE "ar_internal_metadata" ("key" varchar NOT NULL PRIMARY KEY, "value" varchar, "created_at" datetime(6) NOT NULL, "updated_at" datetime(6) NOT NULL)[0m
  [1m[36mActiveRecord::InternalMetadata Load (7.4ms)[0m  [1m[34mSELECT * FROM "ar_internal_metadata" WHERE "ar_internal_metadata"."key" = ? ORDER BY "ar_internal_metadata"."key" ASC LIMIT 1[0m  [[nil, "environment"]]
  [1m[36mActiveRecord::InternalMetadata Create (10.6ms)[0m  [1m[32mINSERT INTO "ar_internal_metadata" ("key", "value", "created_at", "updated_at") VALUES ('environment', 'development', '2025-11-14 20:14:31.894115', '2025-11-14 20:14:31.894118') RETURNING "key"[0m
  [1m[36mActiveRecord::InternalMetadata Load (4.0ms)[0m  [1m[34mSELECT * FROM "ar_internal_metadata" WHERE "ar_internal_metadata"."key" = ? ORDER BY "ar_internal_metadata"."key" ASC LIMIT 1[0m  [[nil, "environment"]]
  [1m[36mActiveRecord::InternalMetadata Load (6.7ms)[0m  [1m[34mSELECT * FROM "ar_internal_metadata" WHERE "ar_internal_metadata"."key" = ? ORDER BY "ar_internal_metadata"."key" ASC LIMIT 1[0m  [[nil, "schema_sha1"]]
  [1m[36mActiveRecord::InternalMetadata Create (11.7ms)[0m  [1m[32mINSERT INTO "ar_internal_metadata" ("key", "value", "created_at", "updated_at") VALUES ('schema_sha1', '6837b8081c83211e64bc3344f5ec25c9431a3eb1', '2025-11-14 20:14:31.928387', '2025-11-14 20:14:31.928389') RETURNING "key"[0m
  [1m[35m (54.3ms)[0m  [1m[35mDROP TABLE IF EXISTS "posts"[0m
  [1m[35m (18.8ms)[0m  [1m[35mCREATE TABLE "posts" ("id" integer PRIMARY KEY AUTOINCREMENT NOT NULL, "title" varchar, "topic" varchar, "created_at" datetime(6) NOT NULL, "updated_at" datetime(6) NOT NULL, "user_id" integer NOT NULL)[0m
  [1m[35m (15.1ms)[0m  [1m[35mCREATE INDEX "index_posts_on_user_id" ON "posts" ("user_id")[0m
  [1m[35m (9.8ms)[0m  [1m[35mDROP TABLE IF EXISTS "users"[0m
  [1m[35m (9.1ms)[0m  [1m[35mCREATE TABLE "users" ("id" integer PRIMARY KEY AUTOINCREMENT NOT NULL, "name" varchar, "email" varchar, "created_at" datetime(6) NOT NULL, "updated_at" datetime(6) NOT NULL, "title" varchar, "password_digest" varchar)[0m
  [1m[36mTRANSACTION (0.1ms)[0m  [1m[36mbegin transaction[0m
  [1m[35m (0.9ms)[0m  [1m[35mPRAGMA foreign_keys[0m
  [1m[35m (0.0ms)[0m  [1m[35mPRAGMA defer_foreign_keys[0m
  [1m[35m (0.0ms)[0m  [1m[35mPRAGMA defer_foreign_keys = ON[0m
  [1m[35m (0.0ms)[0m  [1m[35mPRAGMA foreign_keys = OFF[0m
  [1m[35m (0.1ms)[0m  [1m[35mCREATE TEMPORARY TABLE "aposts" ("id" integer PRIMARY KEY AUTOINCREMENT NOT NULL, "title" varchar, "topic" varchar, "created_at" datetime(6) NOT NULL, "updated_at" datetime(6) NOT NULL, "user_id" integer NOT NULL)[0m
  [1m[35m (0.1ms)[0m  [1m[35mCREATE INDEX "tindex_aposts_on_user_id" ON "aposts" ("user_id")[0m
  [1m[35m (0.0ms)[0m  [1m[32mINSERT INTO "aposts" ("id","title","topic","created_at","updated_at","user_id")
                     SELECT "id","title","topic","created_at","updated_at","user_id" FROM "posts"[0m
  [1m[35m (2.8ms)[0m  [1m[35mDROP TABLE "posts"[0m
  [1m[35m (0.1ms)[0m  [1m[35mCREATE TABLE "posts" ("id" integer PRIMARY KEY AUTOINCREMENT NOT NULL, "title" varchar, "topic" varchar, "created_at" datetime(6) NOT NULL, "updated_at" datetime(6) NOT NULL, "user_id" integer NOT NULL, CONSTRAINT "fk_rails_5b5ddfd518"
FOREIGN KEY ("user_id")
  REFERENCES "users" ("id")
)[0m
  [1m[35m (0.1ms)[0m  [1m[35mCREATE INDEX "index_posts_on_user_id" ON "posts" ("user_id")[0m
  [1m[35m (0.0ms)[0m  [1m[32mINSERT INTO "posts" ("id","title","topic","created_at","updated_at","user_id")
                     SELECT "id","title","topic","created_at","updated_at","user_id" FROM "aposts"[0m
  [1m[35m (0.1ms)[0m  [1m[35mDROP TABLE "aposts"[0m
  [1m[35m (0.0ms)[0m  [1m[35mPRAGMA defer_foreign_keys = 0[0m
  [1m[35m (0.0ms)[0m  [1m[35mPRAGMA foreign_keys = 1[0m
  [1m[36mTRANSACTION (3.7ms)[0m  [1m[36mcommit transaction[0m
  [1m[35m (7.6ms)[0m  [1m[35mCREATE TABLE "schema_migrations" ("version" varchar NOT NULL PRIMARY KEY)[0m
  [1m[36mActiveRecord::SchemaMigration Load (2.6ms)[0m  [1m[34mSELECT "schema_migrations"."version" FROM "schema_migrations" ORDER BY "schema_migrations"."version" ASC[0m
  [1m[35m (6.7ms)[0m  [1m[32mINSERT INTO "schema_migrations" (version) VALUES (20251112204747)[0m
  [1m[35m (11.7ms)[0m  [1m[32mINSERT INTO "schema_migrations" (version) VALUES
(20251112203706),
(20251112202812),
(20251112202528),
(20251110203320),
(20251107202958);[0m
  [1m[35m (8.9ms)[0m  [1m[35mCREATE TABLE "ar_internal_metadata" ("key" varchar NOT NULL PRIMARY KEY, "value" varchar, "created_at" datetime(6) NOT NULL, "updated_at" datetime(6) NOT NULL)[0m
  [1m[36mActiveRecord::InternalMetadata Load (10.6ms)[0m  [1m[34mSELECT * FROM "ar_internal_metadata" WHERE "ar_internal_metadata"."key" = ? ORDER BY "ar_internal_metadata"."key" ASC LIMIT 1[0m  [[nil, "environment"]]
  [1m[36mActiveRecord::InternalMetadata Create (11.1ms)[0m  [1m[32mINSERT INTO "ar_internal_metadata" ("key", "value", "created_at", "updated_at") VALUES ('environment', 'development', '2025-11-14 20:14:32.212629', '2025-11-14 20:14:32.212631') RETURNING "key"[0m
  [1m[36mActiveRecord::InternalMetadata Load (5.0ms)[0m  [1m[34mSELECT * FROM "ar_internal_metadata" WHERE "ar_internal_metadata"."key" = ? ORDER BY "ar_internal_metadata"."key" ASC LIMIT 1[0m  [[nil, "environment"]]
  [1m[36mActiveRecord::InternalMetadata Update (15.4ms)[0m  [1m[33mUPDATE "ar_internal_metadata" SET "value" = 'test', "updated_at" = '2025-11-14 20:14:32.249711' WHERE "ar_internal_metadata"."key" = 'environment'[0m
  [1m[36mActiveRecord::InternalMetadata Load (16.5ms)[0m  [1m[34mSELECT * FROM "ar_internal_metadata" WHERE "ar_internal_metadata"."key" = ? ORDER BY "ar_internal_metadata"."key" ASC LIMIT 1[0m  [[nil, "schema_sha1"]]
  [1m[36mActiveRecord::InternalMetadata Create (9.3ms)[0m  [1m[32mINSERT INTO "ar_internal_metadata" ("key", "value", "created_at", "updated_at") VALUES ('schema_sha1', '6837b8081c83211e64bc3344f5ec25c9431a3eb1', '2025-11-14 20:14:32.283353', '2025-11-14 20:14:32.283354') RETURNING "key"[0m
  [1m[36mActiveRecord::SchemaMigration Load (8.5ms)[0m  [1m[34mSELECT "schema_migrations"."version" FROM "schema_migrations" ORDER BY "schema_migrations"."version" ASC[0m
  [1m[36mTRANSACTION (0.0ms)[0m  [1m[36mbegin transaction[0m
  [1m[36mUser Exists? (3.6ms)[0m  [1m[34mSELECT 1 AS one FROM "users" WHERE "users"."email" = ? LIMIT ?[0m  [["email", "[FILTERED]"], ["LIMIT", 1]]
  [1m[36mUser Create (4.4ms)[0m  [1m[32mINSERT INTO "users" ("name", "email", "created_at", "updated_at", "title", "password_digest") VALUES (?, ?, ?, ?, ?, ?) RETURNING "id"[0m  [["name", "melvin donnelly"], ["email", "[FILTERED]"], ["created_at", "2025-11-14 20:14:34.097906"], ["updated_at", "2025-11-14 20:14:34.097906"], ["title", nil], ["password_digest", "[FILTERED]"]]
  [1m[36mTRANSACTION (12.3ms)[0m  [1m[36mcommit transaction[0m
  [1m[36mTRANSACTION (0.0ms)[0m  [1m[36mbegin transaction[0m
  [1m[36mPost Create (6.8ms)[0m  [1m[32mINSERT INTO "posts" ("title", "topic", "created_at", "updated_at", "user_id") VALUES (?, ?, ?, ?, ?) RETURNING "id"[0m  [["title", "Cupiditate enim aut ipsa."], ["topic", "Aliquam accusantium aspernatur. Magnam sint eos. Pariatur qui veritatis."], ["created_at", "2025-11-14 20:14:34.202114"], ["updated_at", "2025-11-14 20:14:34.202114"], ["user_id", 1]]
  [1m[36mTRANSACTION (3.4ms)[0m  [1m[36mcommit transaction[0m
  [1m[36mTRANSACTION (0.0ms)[0m  [1m[36mbegin transaction[0m
  [1m[36mPost Create (10.4ms)[0m  [1m[32mINSERT INTO "posts" ("title", "topic", "created_at", "updated_at", "user_id") VALUES (?, ?, ?, ?, ?) RETURNING "id"[0m  [["title", "Ut est unde laudantium."], ["topic", "Atque autem ut. Voluptas voluptate ipsam. Sunt nisi non."], ["created_at", "2025-11-14 20:14:34.224576"], ["updated_at", "2025-11-14 20:14:34.224576"], ["user_id", 1]]
  [1m[36mTRANSACTION (3.1ms)[0m  [1m[36mcommit transaction[0m
  [1m[36mTRANSACTION (0.0ms)[0m  [1m[36mbegin transaction[0m
  [1m[36mPost Create (14.8ms)[0m  [1m[32mINSERT INTO "posts" ("title", "topic", "created_at", "updated_at", "user_id") VALUES (?, ?, ?, ?, ?) RETURNING "id"[0m  [["title", "Error vel quod corrupti."], ["topic", "Et nihil inventore. Sunt vel explicabo. Est impedit explicabo."], ["created_at", "2025-11-14 20:14:34.249464"], ["updated_at", "2025-11-14 20:14:34.249464"], ["user_id", 1]]
  [1m[36mTRANSACTION (2.2ms)[0m  [1m[36mcommit transaction[0m
  [1m[36mTRANSACTION (0.0ms)[0m  [1m[36mbegin transaction[0m
  [1m[36mPost Create (10.8ms)[0m  [1m[32mINSERT INTO "posts" ("title", "topic", "created_at", "updated_at", "user_id") VALUES (?, ?, ?, ?, ?) RETURNING "id"[0m  [["title", "Impedit aliquid quas repellendus."], ["topic", "Praesentium voluptatem corrupti. Fugit quibusdam consequatur. Nostrum ut totam."], ["created_at", "2025-11-14 20:14:34.274796"], ["updated_at", "2025-11-14 20:14:34.274796"], ["user_id", 1]]
  [1m[36mTRANSACTION (3.1ms)[0m  [1m[36mcommit transaction[0m
  [1m[36mTRANSACTION (0.0ms)[0m  [1m[36mbegin transaction[0m
  [1m[36mPost Create (10.6ms)[0m  [1m[32mINSERT INTO "posts" ("title", "topic", "created_at", "updated_at", "user_id") VALUES (?, ?, ?, ?, ?) RETURNING "id"[0m  [["title", "Eos ducimus velit delectus."], ["topic", "Veniam et eos. Est aut magnam. Nulla sed officiis."], ["created_at", "2025-11-14 20:14:34.294029"], ["updated_at", "2025-11-14 20:14:34.294029"], ["user_id", 1]]
  [1m[36mTRANSACTION (4.1ms)[0m  [1m[36mcommit transaction[0m
  [1m[36mTRANSACTION (0.1ms)[0m  [1m[36mbegin transaction[0m
  [1m[36mUser Exists? (4.5ms)[0m  [1m[34mSELECT 1 AS one FROM "users" WHERE "users"."email" = ? LIMIT ?[0m  [["email", "[FILTERED]"], ["LIMIT", 1]]
  [1m[36mUser Create (3.1ms)[0m  [1m[32mINSERT INTO "users" ("name", "email", "created_at", "updated_at", "title", "password_digest") VALUES (?, ?, ?, ?, ?, ?) RETURNING "id"[0m  [["name", "hye will"], ["email", "[FILTERED]"], ["created_at", "2025-11-14 20:14:34.565718"], ["updated_at", "2025-11-14 20:14:34.565718"], ["title", nil], ["password_digest", "[FILTERED]"]]
  [1m[36mTRANSACTION (2.0ms)[0m  [1m[36mcommit transaction[0m
  [1m[36mTRANSACTION (0.0ms)[0m  [1m[36mbegin transaction[0m
  [1m[36mPost Create (10.4ms)[0m  [1m[32mINSERT INTO "posts" ("title", "topic", "created_at", "updated_at", "user_id") VALUES (?, ?, ?, ?, ?) RETURNING "id"[0m  [["title", "Maiores neque rerum non."], ["topic", "Pariatur quia dolores. Nam asperiores omnis. Saepe expedita dolores."], ["created_at", "2025-11-14 20:14:34.580526"], ["updated_at", "2025-11-14 20:14:34.580526"], ["user_id", 2]]
  [1m[36mTRANSACTION (1.4ms)[0m  [1m[36mcommit transaction[0m
  [1m[36mTRANSACTION (0.0ms)[0m  [1m[36mbegin transaction[0m
  [1m[36mPost Create (11.6ms)[0m  [1m[32mINSERT INTO "posts" ("title", "topic", "created_at", "updated_at", "user_id") VALUES (?, ?, ?, ?, ?) RETURNING "id"[0m  [["title", "Debitis dolor maiores laborum."], ["topic", "Eos odio sed. Tempora libero inventore. Sed veniam et."], ["created_at", "2025-11-14 20:14:34.599590"], ["updated_at", "2025-11-14 20:14:34.599590"], ["user_id", 2]]
  [1m[36mTRANSACTION (5.8ms)[0m  [1m[36mcommit transaction[0m
  [1m[36mTRANSACTION (0.0ms)[0m  [1m[36mbegin transaction[0m
  [1m[36mPost Create (13.0ms)[0m  [1m[32mINSERT INTO "posts" ("title", "topic", "created_at", "updated_at", "user_id") VALUES (?, ?, ?, ?, ?) RETURNING "id"[0m  [["title", "Aut nulla et et."], ["topic", "Qui voluptas repudiandae. Est itaque cum. Dolor iusto reprehenderit."], ["created_at", "2025-11-14 20:14:34.620758"], ["updated_at", "2025-11-14 20:14:34.620758"], ["user_id", 2]]
  [1m[36mTRANSACTION (2.5ms)[0m  [1m[36mcommit transaction[0m
  [1m[36mTRANSACTION (0.0ms)[0m  [1m[36mbegin transaction[0m
  [1m[36mPost Create (11.5ms)[0m  [1m[32mINSERT INTO "posts" ("title", "topic", "created_at", "updated_at", "user_id") VALUES (?, ?, ?, ?, ?) RETURNING "id"[0m  [["title", "Sit omnis quod commodi."], ["topic", "Ut consectetur eum. Labore maxime quia. Consequatur dolorem aut."], ["created_at", "2025-11-14 20:14:34.639666"], ["updated_at", "2025-11-14 20:14:34.639666"], ["user_id", 2]]
  [1m[36mTRANSACTION (3.3ms)[0m  [1m[36mcommit transaction[0m
  [1m[36mTRANSACTION (0.0ms)[0m  [1m[36mbegin transaction[0m
  [1m[36mPost Create (14.2ms)[0m  [1m[32mINSERT INTO "posts" ("title", "topic", "created_at", "updated_at", "user_id") VALUES (?, ?, ?, ?, ?) RETURNING "id"[0m  [["title", "Fuga nemo vel exercitationem."], ["topic", "Quam voluptas et. Sunt dicta ut. Voluptas est suscipit."], ["created_at", "2025-11-14 20:14:34.678813"], ["updated_at", "2025-11-14 20:14:34.678813"], ["user_id", 2]]
  [1m[36mTRANSACTION (4.7ms)[0m  [1m[36mcommit transaction[0m
  [1m[36mTRANSACTION (0.0ms)[0m  [1m[36mbegin transaction[0m
  [1m[36mUser Exists? (12.7ms)[0m  [1m[34mSELECT 1 AS one FROM "users" WHERE "users"."email" = ? LIMIT ?[0m  [["email", "[FILTERED]"], ["LIMIT", 1]]
  [1m[36mUser Create (3.2ms)[0m  [1m[32mINSERT INTO "users" ("name", "email", "created_at", "updated_at", "title", "password_digest") VALUES (?, ?, ?, ?, ?, ?) RETURNING "id"[0m  [["name", "shalanda cremin"], ["email", "[FILTERED]"], ["created_at", "2025-11-14 20:14:34.963960"], ["updated_at", "2025-11-14 20:14:34.963960"], ["title", nil], ["password_digest", "[FILTERED]"]]
  [1m[36mTRANSACTION (3.2ms)[0m  [1m[36mcommit transaction[0m
  [1m[36mTRANSACTION (0.0ms)[0m  [1m[36mbegin transaction[0m
  [1m[36mPost Create (9.7ms)[0m  [1m[32mINSERT INTO "posts" ("title", "topic", "created_at", "updated_at", "user_id") VALUES (?, ?, ?, ?, ?) RETURNING "id"[0m  [["title", "Deserunt ut quo quia."], ["topic", "Asperiores eos quaerat. Voluptatem nisi nulla. Iste omnis et."], ["created_at", "2025-11-14 20:14:34.974467"], ["updated_at", "2025-11-14 20:14:34.974467"], ["user_id", 3]]
  [1m[36mTRANSACTION (2.6ms)[0m  [1m[36mcommit transaction[0m
  [1m[36mTRANSACTION (0.0ms)[0m  [1m[36mbegin transaction[0m
  [1m[36mPost Create (13.4ms)[0m  [1m[32mINSERT INTO "posts" ("title", "topic", "created_at", "updated_at", "user_id") VALUES (?, ?, ?, ?, ?) RETURNING "id"[0m  [["title", "Maiores qui error et."], ["topic", "Esse veniam excepturi. Placeat laboriosam a. Molestias amet et."], ["created_at", "2025-11-14 20:14:34.989856"], ["updated_at", "2025-11-14 20:14:34.989856"], ["user_id", 3]]
  [1m[36mTRANSACTION (2.0ms)[0m  [1m[36mcommit transaction[0m
  [1m[36mTRANSACTION (0.0ms)[0m  [1m[36mbegin transaction[0m
  [1m[36mPost Create (10.0ms)[0m  [1m[32mINSERT INTO "posts" ("title", "topic", "created_at", "updated_at", "user_id") VALUES (?, ?, ?, ?, ?) RETURNING "id"[0m  [["title", "Est animi iure temporibus."], ["topic", "Corrupti et et. Corrupti est eum. Vel illum ratione."], ["created_at", "2025-11-14 20:14:35.012721"], ["updated_at", "2025-11-14 20:14:35.012721"], ["user_id", 3]]
  [1m[36mTRANSACTION (2.8ms)[0m  [1m[36mcommit transaction[0m
  [1m[36mTRANSACTION (0.0ms)[0m  [1m[36mbegin transaction[0m
  [1m[36mPost Create (15.5ms)[0m  [1m[32mINSERT INTO "posts" ("title", "topic", "created_at", "updated_at", "user_id") VALUES (?, ?, ?, ?, ?) RETURNING "id"[0m  [["title", "Et aliquid quasi dolor."], ["topic", "Explicabo consequatur repellendus. Omnis ad ut. Id expedita dolorum."], ["created_at", "2025-11-14 20:14:35.030591"], ["updated_at", "2025-11-14 20:14:35.030591"], ["user_id", 3]]
  [1m[36mTRANSACTION (7.1ms)[0m  [1m[36mcommit transaction[0m
  [1m[36mTRANSACTION (0.0ms)[0m  [1m[36mbegin transaction[0m
  [1m[36mPost Create (10.4ms)[0m  [1m[32mINSERT INTO "posts" ("title", "topic", "created_at", "updated_at", "user_id") VALUES (?, ?, ?, ?, ?) RETURNING "id"[0m  [["title", "Quidem aut id alias."], ["topic", "Rerum maiores consectetur. Dolor rerum illum. Reiciendis quis natus."], ["created_at", "2025-11-14 20:14:35.056304"], ["updated_at", "2025-11-14 20:14:35.056304"], ["user_id", 3]]
  [1m[36mTRANSACTION (2.8ms)[0m  [1m[36mcommit transaction[0m
  [1m[36mTRANSACTION (0.0ms)[0m  [1m[36mbegin transaction[0m
  [1m[36mUser Exists? (3.0ms)[0m  [1m[34mSELECT 1 AS one FROM "users" WHERE "users"."email" = ? LIMIT ?[0m  [["email", "[FILTERED]"], ["LIMIT", 1]]
  [1m[36mUser Create (2.3ms)[0m  [1m[32mINSERT INTO "users" ("name", "email", "created_at", "updated_at", "title", "password_digest") VALUES (?, ?, ?, ?, ?, ?) RETURNING "id"[0m  [["name", "dalila shanahan"], ["email", "[FILTERED]"], ["created_at", "2025-11-14 20:14:35.314278"], ["updated_at", "2025-11-14 20:14:35.314278"], ["title", nil], ["password_digest", "[FILTERED]"]]
  [1m[36mTRANSACTION (3.5ms)[0m  [1m[36mcommit transaction[0m
  [1m[36mTRANSACTION (0.0ms)[0m  [1m[36mbegin transaction[0m
  [1m[36mPost Create (8.9ms)[0m  [1m[32mINSERT INTO "posts" ("title", "topic", "created_at", "updated_at", "user_id") VALUES (?, ?, ?, ?, ?) RETURNING "id"[0m  [["title", "Reprehenderit quisquam quam modi."], ["topic", "Molestiae veritatis quas. Autem sunt nulla. Non nam recusandae."], ["created_at", "2025-11-14 20:14:35.323250"], ["updated_at", "2025-11-14 20:14:35.323250"], ["user_id", 4]]
  [1m[36mTRANSACTION (2.6ms)[0m  [1m[36mcommit transaction[0m
  [1m[36mTRANSACTION (0.0ms)[0m  [1m[36mbegin transaction[0m
  [1m[36mPost Create (10.6ms)[0m  [1m[32mINSERT INTO "posts" ("title", "topic", "created_at", "updated_at", "user_id") VALUES (?, ?, ?, ?, ?) RETURNING "id"[0m  [["title", "Dolorem ea deserunt quaerat."], ["topic", "Nisi odit ea. Qui voluptates tempore. Quia quia vero."], ["created_at", "2025-11-14 20:14:35.336705"], ["updated_at", "2025-11-14 20:14:35.336705"], ["user_id", 4]]
  [1m[36mTRANSACTION (2.1ms)[0m  [1m[36mcommit transaction[0m
  [1m[36mTRANSACTION (0.0ms)[0m  [1m[36mbegin transaction[0m
  [1m[36mPost Create (10.0ms)[0m  [1m[32mINSERT INTO "posts" ("title", "topic", "created_at", "updated_at", "user_id") VALUES (?, ?, ?, ?, ?) RETURNING "id"[0m  [["title", "Inventore est consequatur amet."], ["topic", "Dolore nihil nulla. Veritatis temporibus odio. Minus error accusamus."], ["created_at", "2025-11-14 20:14:35.351591"], ["updated_at", "2025-11-14 20:14:35.351591"], ["user_id", 4]]
  [1m[36mTRANSACTION (3.1ms)[0m  [1m[36mcommit transaction[0m
  [1m[36mTRANSACTION (0.0ms)[0m  [1m[36mbegin transaction[0m
  [1m[36mPost Create (16.0ms)[0m  [1m[32mINSERT INTO "posts" ("title", "topic", "created_at", "updated_at", "user_id") VALUES (?, ?, ?, ?, ?) RETURNING "id"[0m  [["title", "Quod velit voluptatibus commodi."], ["topic", "Molestiae hic corrupti. Inventore minima adipisci. Est voluptatibus dolor."], ["created_at", "2025-11-14 20:14:35.366533"], ["updated_at", "2025-11-14 20:14:35.366533"], ["user_id", 4]]
  [1m[36mTRANSACTION (2.4ms)[0m  [1m[36mcommit transaction[0m
  [1m[36mTRANSACTION (0.0ms)[0m  [1m[36mbegin transaction[0m
  [1m[36mPost Create (12.1ms)[0m  [1m[32mINSERT INTO "posts" ("title", "topic", "created_at", "updated_at", "user_id") VALUES (?, ?, ?, ?, ?) RETURNING "id"[0m  [["title", "Doloribus nesciunt expedita autem."], ["topic", "Fugit quae saepe. Non animi est. Quibusdam nihil sed."], ["created_at", "2025-11-14 20:14:35.396288"], ["updated_at", "2025-11-14 20:14:35.396288"], ["user_id", 4]]
  [1m[36mTRANSACTION (2.2ms)[0m  [1m[36mcommit transaction[0m
  [1m[36mTRANSACTION (0.0ms)[0m  [1m[36mbegin transaction[0m
  [1m[36mUser Exists? (7.8ms)[0m  [1m[34mSELECT 1 AS one FROM "users" WHERE "users"."email" = ? LIMIT ?[0m  [["email", "[FILTERED]"], ["LIMIT", 1]]
  [1m[36mUser Create (2.5ms)[0m  [1m[32mINSERT INTO "users" ("name", "email", "created_at", "updated_at", "title", "password_digest") VALUES (?, ?, ?, ?, ?, ?) RETURNING "id"[0m  [["name", "kathlene olson"], ["email", "[FILTERED]"], ["created_at", "2025-11-14 20:14:35.660390"], ["updated_at", "2025-11-14 20:14:35.660390"], ["title", nil], ["password_digest", "[FILTERED]"]]
  [1m[36mTRANSACTION (2.1ms)[0m  [1m[36mcommit transaction[0m
  [1m[36mTRANSACTION (0.0ms)[0m  [1m[36mbegin transaction[0m
  [1m[36mPost Create (13.2ms)[0m  [1m[32mINSERT INTO "posts" ("title", "topic", "created_at", "updated_at", "user_id") VALUES (?, ?, ?, ?, ?) RETURNING "id"[0m  [["title", "Quasi sequi numquam rerum."], ["topic", "Consequuntur est alias. Perspiciatis rem ut. Sed est qui."], ["created_at", "2025-11-14 20:14:35.667458"], ["updated_at", "2025-11-14 20:14:35.667458"], ["user_id", 5]]
  [1m[36mTRANSACTION (2.9ms)[0m  [1m[36mcommit transaction[0m
  [1m[36mTRANSACTION (0.0ms)[0m  [1m[36mbegin transaction[0m
  [1m[36mPost Create (13.2ms)[0m  [1m[32mINSERT INTO "posts" ("title", "topic", "created_at", "updated_at", "user_id") VALUES (?, ?, ?, ?, ?) RETURNING "id"[0m  [["title", "Voluptatem corrupti rerum quo."], ["topic", "Accusamus quae odit. Maxime quas ab. Rem inventore nihil."], ["created_at", "2025-11-14 20:14:35.689555"], ["updated_at", "2025-11-14 20:14:35.689555"], ["user_id", 5]]
  [1m[36mTRANSACTION (2.1ms)[0m  [1m[36mcommit transaction[0m
  [1m[36mTRANSACTION (0.1ms)[0m  [1m[36mbegin transaction[0m
  [1m[36mPost Create (22.1ms)[0m  [1m[32mINSERT INTO "posts" ("title", "topic", "created_at", "updated_at", "user_id") VALUES (?, ?, ?, ?, ?) RETURNING "id"[0m  [["title", "Qui maxime assumenda error."], ["topic", "Consequuntur voluptas culpa. Et voluptates consectetur. Minus sapiente saepe."], ["created_at", "2025-11-14 20:14:35.709772"], ["updated_at", "2025-11-14 20:14:35.709772"], ["user_id", 5]]
  [1m[36mTRANSACTION (3.8ms)[0m  [1m[36mcommit transaction[0m
  [1m[36mTRANSACTION (0.0ms)[0m  [1m[36mbegin transaction[0m
  [1m[36mPost Create (14.6ms)[0m  [1m[32mINSERT INTO "posts" ("title", "topic", "created_at", "updated_at", "user_id") VALUES (?, ?, ?, ?, ?) RETURNING "id"[0m  [["title", "Quia qui dolores repudiandae."], ["topic", "Itaque cum repudiandae. Eveniet rerum et. Consequatur nisi aut."], ["created_at", "2025-11-14 20:14:35.740896"], ["updated_at", "2025-11-14 20:14:35.740896"], ["user_id", 5]]
  [1m[36mTRANSACTION (3.2ms)[0m  [1m[36mcommit transaction[0m
  [1m[36mTRANSACTION (0.0ms)[0m  [1m[36mbegin transaction[0m
  [1m[36mPost Create (12.4ms)[0m  [1m[32mINSERT INTO "posts" ("title", "topic", "created_at", "updated_at", "user_id") VALUES (?, ?, ?, ?, ?) RETURNING "id"[0m  [["title", "Eligendi quibusdam quia pariatur."], ["topic", "Aut in aut. Rerum voluptates similique. Ut nesciunt quis."], ["created_at", "2025-11-14 20:14:35.787851"], ["updated_at", "2025-11-14 20:14:35.787851"], ["user_id", 5]]
  [1m[36mTRANSACTION (6.7ms)[0m  [1m[36mcommit transaction[0m
  [1m[36mTRANSACTION (0.0ms)[0m  [1m[36mbegin transaction[0m
  [1m[36mUser Exists? (7.2ms)[0m  [1m[34mSELECT 1 AS one FROM "users" WHERE "users"."email" = ? LIMIT ?[0m  [["email", "[FILTERED]"], ["LIMIT", 1]]
  [1m[36mUser Create (3.2ms)[0m  [1m[32mINSERT INTO "users" ("name", "email", "created_at", "updated_at", "title", "password_digest") VALUES (?, ?, ?, ?, ?, ?) RETURNING "id"[0m  [["name", "lizzette dicki"], ["email", "[FILTERED]"], ["created_at", "2025-11-14 20:14:36.061971"], ["updated_at", "2025-11-14 20:14:36.061971"], ["title", nil], ["password_digest", "[FILTERED]"]]
  [1m[36mTRANSACTION (1.3ms)[0m  [1m[36mcommit transaction[0m
  [1m[36mTRANSACTION (0.0ms)[0m  [1m[36mbegin transaction[0m
  [1m[36mPost Create (7.3ms)[0m  [1m[32mINSERT INTO "posts" ("title", "topic", "created_at", "updated_at", "user_id") VALUES (?, ?, ?, ?, ?) RETURNING "id"[0m  [["title", "Est aliquid sed ipsum."], ["topic", "Velit voluptatem vero. Provident fuga dolore. Veritatis dolores corporis."], ["created_at", "2025-11-14 20:14:36.069893"], ["updated_at", "2025-11-14 20:14:36.069893"], ["user_id", 6]]
  [1m[36mTRANSACTION (1.7ms)[0m  [1m[36mcommit transaction[0m
  [1m[36mTRANSACTION (0.0ms)[0m  [1m[36mbegin transaction[0m
  [1m[36mPost Create (11.4ms)[0m  [1m[32mINSERT INTO "posts" ("title", "topic", "created_at", "updated_at", "user_id") VALUES (?, ?, ?, ?, ?) RETURNING "id"[0m  [["title", "Est labore neque nulla."], ["topic", "Maiores illo quod. In minima aut. Earum animi non."], ["created_at", "2025-11-14 20:14:36.080528"], ["updated_at", "2025-11-14 20:14:36.080528"], ["user_id", 6]]
  [1m[36mTRANSACTION (3.1ms)[0m  [1m[36mcommit transaction[0m
  [1m[36mTRANSACTION (0.0ms)[0m  [1m[36mbegin transaction[0m
  [1m[36mPost Create (9.6ms)[0m  [1m[32mINSERT INTO "posts" ("title", "topic", "created_at", "updated_at", "user_id") VALUES (?, ?, ?, ?, ?) RETURNING "id"[0m  [["title", "Ratione ut placeat quidem."], ["topic", "Incidunt officiis aut. Odio minima dicta. Unde omnis aut."], ["created_at", "2025-11-14 20:14:36.096574"], ["updated_at", "2025-11-14 20:14:36.096574"], ["user_id", 6]]
  [1m[36mTRANSACTION (3.1ms)[0m  [1m[36mcommit transaction[0m
  [1m[36mTRANSACTION (0.0ms)[0m  [1m[36mbegin transaction[0m
  [1m[36mPost Create (12.1ms)[0m  [1m[32mINSERT INTO "posts" ("title", "topic", "created_at", "updated_at", "user_id") VALUES (?, ?, ?, ?, ?) RETURNING "id"[0m  [["title", "Beatae unde est dolores."], ["topic", "Accusamus voluptas omnis. Hic placeat omnis. Et expedita aut."], ["created_at", "2025-11-14 20:14:36.110917"], ["updated_at", "2025-11-14 20:14:36.110917"], ["user_id", 6]]
  [1m[36mTRANSACTION (1.5ms)[0m  [1m[36mcommit transaction[0m
  [1m[36mTRANSACTION (0.0ms)[0m  [1m[36mbegin transaction[0m
  [1m[36mPost Create (12.0ms)[0m  [1m[32mINSERT INTO "posts" ("title", "topic", "created_at", "updated_at", "user_id") VALUES (?, ?, ?, ?, ?) RETURNING "id"[0m  [["title", "Esse dolores eum aperiam."], ["topic", "Ea quas eos. Fugit et et. Tempore illo magnam."], ["created_at", "2025-11-14 20:14:36.135328"], ["updated_at", "2025-11-14 20:14:36.135328"], ["user_id", 6]]
  [1m[36mTRANSACTION (1.7ms)[0m  [1m[36mcommit transaction[0m
  [1m[36mTRANSACTION (0.0ms)[0m  [1m[36mbegin transaction[0m
  [1m[36mUser Exists? (10.9ms)[0m  [1m[34mSELECT 1 AS one FROM "users" WHERE "users"."email" = ? LIMIT ?[0m  [["email", "[FILTERED]"], ["LIMIT", 1]]
  [1m[36mUser Create (2.7ms)[0m  [1m[32mINSERT INTO "users" ("name", "email", "created_at", "updated_at", "title", "password_digest") VALUES (?, ?, ?, ?, ?, ?) RETURNING "id"[0m  [["name", "lauretta konopelski"], ["email", "[FILTERED]"], ["created_at", "2025-11-14 20:14:36.415674"], ["updated_at", "2025-11-14 20:14:36.415674"], ["title", nil], ["password_digest", "[FILTERED]"]]
  [1m[36mTRANSACTION (5.6ms)[0m  [1m[36mcommit transaction[0m
  [1m[36mTRANSACTION (0.0ms)[0m  [1m[36mbegin transaction[0m
  [1m[36mPost Create (10.1ms)[0m  [1m[32mINSERT INTO "posts" ("title", "topic", "created_at", "updated_at", "user_id") VALUES (?, ?, ?, ?, ?) RETURNING "id"[0m  [["title", "Rerum qui maxime soluta."], ["topic", "Eum dolor officia. Commodi labore quod. Enim voluptas ea."], ["created_at", "2025-11-14 20:14:36.425806"], ["updated_at", "2025-11-14 20:14:36.425806"], ["user_id", 7]]
  [1m[36mTRANSACTION (2.3ms)[0m  [1m[36mcommit transaction[0m
  [1m[36mTRANSACTION (0.0ms)[0m  [1m[36mbegin transaction[0m
  [1m[36mPost Create (14.7ms)[0m  [1m[32mINSERT INTO "posts" ("title", "topic", "created_at", "updated_at", "user_id") VALUES (?, ?, ?, ?, ?) RETURNING "id"[0m  [["title", "Et et molestias non."], ["topic", "Ut veritatis sunt. Dignissimos unde optio. Et ipsum fugit."], ["created_at", "2025-11-14 20:14:36.439905"], ["updated_at", "2025-11-14 20:14:36.439905"], ["user_id", 7]]
  [1m[36mTRANSACTION (2.8ms)[0m  [1m[36mcommit transaction[0m
  [1m[36mTRANSACTION (0.0ms)[0m  [1m[36mbegin transaction[0m
  [1m[36mPost Create (10.5ms)[0m  [1m[32mINSERT INTO "posts" ("title", "topic", "created_at", "updated_at", "user_id") VALUES (?, ?, ?, ?, ?) RETURNING "id"[0m  [["title", "Consectetur nam velit quisquam."], ["topic", "Corporis fuga optio. Odit iste totam. Non repellendus enim."], ["created_at", "2025-11-14 20:14:36.459533"], ["updated_at", "2025-11-14 20:14:36.459533"], ["user_id", 7]]
  [1m[36mTRANSACTION (1.5ms)[0m  [1m[36mcommit transaction[0m
  [1m[36mTRANSACTION (0.0ms)[0m  [1m[36mbegin transaction[0m
  [1m[36mPost Create (9.1ms)[0m  [1m[32mINSERT INTO "posts" ("title", "topic", "created_at", "updated_at", "user_id") VALUES (?, ?, ?, ?, ?) RETURNING "id"[0m  [["title", "Non nisi magni officiis."], ["topic", "Minima porro omnis. Rerum esse provident. Ducimus omnis aut."], ["created_at", "2025-11-14 20:14:36.473040"], ["updated_at", "2025-11-14 20:14:36.473040"], ["user_id", 7]]
  [1m[36mTRANSACTION (3.8ms)[0m  [1m[36mcommit transaction[0m
  [1m[36mTRANSACTION (0.0ms)[0m  [1m[36mbegin transaction[0m
  [1m[36mPost Create (13.6ms)[0m  [1m[32mINSERT INTO "posts" ("title", "topic", "created_at", "updated_at", "user_id") VALUES (?, ?, ?, ?, ?) RETURNING "id"[0m  [["title", "Suscipit consequatur nihil eveniet."], ["topic", "Aut omnis quia. Aut et nisi. Perferendis dolores sint."], ["created_at", "2025-11-14 20:14:36.487906"], ["updated_at", "2025-11-14 20:14:36.487906"], ["user_id", 7]]
  [1m[36mTRANSACTION (2.7ms)[0m  [1m[36mcommit transaction[0m
  [1m[36mTRANSACTION (0.0ms)[0m  [1m[36mbegin transaction[0m
  [1m[36mUser Exists? (3.7ms)[0m  [1m[34mSELECT 1 AS one FROM "users" WHERE "users"."email" = ? LIMIT ?[0m  [["email", "[FILTERED]"], ["LIMIT", 1]]
  [1m[36mUser Create (3.6ms)[0m  [1m[32mINSERT INTO "users" ("name", "email", "created_at", "updated_at", "title", "password_digest") VALUES (?, ?, ?, ?, ?, ?) RETURNING "id"[0m  [["name", "cassandra wunsch"], ["email", "[FILTERED]"], ["created_at", "2025-11-14 20:14:36.751568"], ["updated_at", "2025-11-14 20:14:36.751568"], ["title", nil], ["password_digest", "[FILTERED]"]]
  [1m[36mTRANSACTION (2.4ms)[0m  [1m[36mcommit transaction[0m
  [1m[36mTRANSACTION (0.0ms)[0m  [1m[36mbegin transaction[0m
  [1m[36mPost Create (10.0ms)[0m  [1m[32mINSERT INTO "posts" ("title", "topic", "created_at", "updated_at", "user_id") VALUES (?, ?, ?, ?, ?) RETURNING "id"[0m  [["title", "Nihil corrupti eum cumque."], ["topic", "Sed molestiae reiciendis. Hic et veniam. Perferendis ut iure."], ["created_at", "2025-11-14 20:14:36.759498"], ["updated_at", "2025-11-14 20:14:36.759498"], ["user_id", 8]]
  [1m[36mTRANSACTION (1.9ms)[0m  [1m[36mcommit transaction[0m
  [1m[36mTRANSACTION (0.0ms)[0m  [1m[36mbegin transaction[0m
  [1m[36mPost Create (10.1ms)[0m  [1m[32mINSERT INTO "posts" ("title", "topic", "created_at", "updated_at", "user_id") VALUES (?, ?, ?, ?, ?) RETURNING "id"[0m  [["title", "Voluptatibus minus qui et."], ["topic", "Assumenda eius nam. Dolores voluptas cumque. Sapiente vel a."], ["created_at", "2025-11-14 20:14:36.773228"], ["updated_at", "2025-11-14 20:14:36.773228"], ["user_id", 8]]
  [1m[36mTRANSACTION (4.7ms)[0m  [1m[36mcommit transaction[0m
  [1m[36mTRANSACTION (0.0ms)[0m  [1m[36mbegin transaction[0m
  [1m[36mPost Create (8.9ms)[0m  [1m[32mINSERT INTO "posts" ("title", "topic", "created_at", "updated_at", "user_id") VALUES (?, ?, ?, ?, ?) RETURNING "id"[0m  [["title", "Eveniet explicabo fugiat praesentium."], ["topic", "Dolor non eaque. Dolorum enim ut. Nobis sunt iusto."], ["created_at", "2025-11-14 20:14:36.789663"], ["updated_at", "2025-11-14 20:14:36.789663"], ["user_id", 8]]
  [1m[36mTRANSACTION (5.2ms)[0m  [1m[36mcommit transaction[0m
  [1m[36mTRANSACTION (0.0ms)[0m  [1m[36mbegin transaction[0m
  [1m[36mPost Create (9.1ms)[0m  [1m[32mINSERT INTO "posts" ("title", "topic", "created_at", "updated_at", "user_id") VALUES (?, ?, ?, ?, ?) RETURNING "id"[0m  [["title", "Modi at minus exercitationem."], ["topic", "Iusto est quaerat. Rerum consequatur illum. Quasi nihil quia."], ["created_at", "2025-11-14 20:14:36.805415"], ["updated_at", "2025-11-14 20:14:36.805415"], ["user_id", 8]]
  [1m[36mTRANSACTION (3.0ms)[0m  [1m[36mcommit transaction[0m
  [1m[36mTRANSACTION (0.0ms)[0m  [1m[36mbegin transaction[0m
  [1m[36mPost Create (17.2ms)[0m  [1m[32mINSERT INTO "posts" ("title", "topic", "created_at", "updated_at", "user_id") VALUES (?, ?, ?, ?, ?) RETURNING "id"[0m  [["title", "Sed quasi officia voluptatum."], ["topic", "Magni dolores velit. Et illum ex. Veniam in quasi."], ["created_at", "2025-11-14 20:14:36.819052"], ["updated_at", "2025-11-14 20:14:36.819052"], ["user_id", 8]]
  [1m[36mTRANSACTION (3.2ms)[0m  [1m[36mcommit transaction[0m
  [1m[36mTRANSACTION (0.0ms)[0m  [1m[36mbegin transaction[0m
  [1m[36mUser Exists? (16.7ms)[0m  [1m[34mSELECT 1 AS one FROM "users" WHERE "users"."email" = ? LIMIT ?[0m  [["email", "[FILTERED]"], ["LIMIT", 1]]
  [1m[36mUser Create (3.9ms)[0m  [1m[32mINSERT INTO "users" ("name", "email", "created_at", "updated_at", "title", "password_digest") VALUES (?, ?, ?, ?, ?, ?) RETURNING "id"[0m  [["name", "ben sanford"], ["email", "[FILTERED]"], ["created_at", "2025-11-14 20:14:37.132871"], ["updated_at", "2025-11-14 20:14:37.132871"], ["title", nil], ["password_digest", "[FILTERED]"]]
  [1m[36mTRANSACTION (4.9ms)[0m  [1m[36mcommit transaction[0m
  [1m[36mTRANSACTION (0.0ms)[0m  [1m[36mbegin transaction[0m
  [1m[36mPost Create (11.7ms)[0m  [1m[32mINSERT INTO "posts" ("title", "topic", "created_at", "updated_at", "user_id") VALUES (?, ?, ?, ?, ?) RETURNING "id"[0m  [["title", "Numquam aut beatae et."], ["topic", "Rem quo earum. Animi numquam repellat. Quas molestiae eius."], ["created_at", "2025-11-14 20:14:37.143284"], ["updated_at", "2025-11-14 20:14:37.143284"], ["user_id", 9]]
  [1m[36mTRANSACTION (4.9ms)[0m  [1m[36mcommit transaction[0m
  [1m[36mTRANSACTION (0.0ms)[0m  [1m[36mbegin transaction[0m
  [1m[36mPost Create (11.7ms)[0m  [1m[32mINSERT INTO "posts" ("title", "topic", "created_at", "updated_at", "user_id") VALUES (?, ?, ?, ?, ?) RETURNING "id"[0m  [["title", "Explicabo quod rerum id."], ["topic", "Quos rem voluptas. Sit itaque est. Et illo corporis."], ["created_at", "2025-11-14 20:14:37.162166"], ["updated_at", "2025-11-14 20:14:37.162166"], ["user_id", 9]]
  [1m[36mTRANSACTION (2.8ms)[0m  [1m[36mcommit transaction[0m
  [1m[36mTRANSACTION (0.0ms)[0m  [1m[36mbegin transaction[0m
  [1m[36mPost Create (13.1ms)[0m  [1m[32mINSERT INTO "posts" ("title", "topic", "created_at", "updated_at", "user_id") VALUES (?, ?, ?, ?, ?) RETURNING "id"[0m  [["title", "Aut nihil maxime hic."], ["topic", "Rerum earum id. Ut esse corrupti. Quis nulla mollitia."], ["created_at", "2025-11-14 20:14:37.178238"], ["updated_at", "2025-11-14 20:14:37.178238"], ["user_id", 9]]
  [1m[36mTRANSACTION (1.6ms)[0m  [1m[36mcommit transaction[0m
  [1m[36mTRANSACTION (0.0ms)[0m  [1m[36mbegin transaction[0m
  [1m[36mPost Create (9.0ms)[0m  [1m[32mINSERT INTO "posts" ("title", "topic", "created_at", "updated_at", "user_id") VALUES (?, ?, ?, ?, ?) RETURNING "id"[0m  [["title", "Aut cumque ipsa nostrum."], ["topic", "Reiciendis magnam autem. Labore quas aut. Sunt eos ipsum."], ["created_at", "2025-11-14 20:14:37.194885"], ["updated_at", "2025-11-14 20:14:37.194885"], ["user_id", 9]]
  [1m[36mTRANSACTION (7.2ms)[0m  [1m[36mcommit transaction[0m
  [1m[36mTRANSACTION (0.0ms)[0m  [1m[36mbegin transaction[0m
  [1m[36mPost Create (12.1ms)[0m  [1m[32mINSERT INTO "posts" ("title", "topic", "created_at", "updated_at", "user_id") VALUES (?, ?, ?, ?, ?) RETURNING "id"[0m  [["title", "Debitis quaerat qui vel."], ["topic", "Veniam id molestiae. Et quibusdam non. Consequatur dolorem et."], ["created_at", "2025-11-14 20:14:37.213041"], ["updated_at", "2025-11-14 20:14:37.213041"], ["user_id", 9]]
  [1m[36mTRANSACTION (5.7ms)[0m  [1m[36mcommit transaction[0m
  [1m[36mTRANSACTION (0.0ms)[0m  [1m[36mbegin transaction[0m
  [1m[36mUser Exists? (3.5ms)[0m  [1m[34mSELECT 1 AS one FROM "users" WHERE "users"."email" = ? LIMIT ?[0m  [["email", "[FILTERED]"], ["LIMIT", 1]]
  [1m[36mUser Create (4.8ms)[0m  [1m[32mINSERT INTO "users" ("name", "email", "created_at", "updated_at", "title", "password_digest") VALUES (?, ?, ?, ?, ?, ?) RETURNING "id"[0m  [["name", "venessa jones"], ["email", "[FILTERED]"], ["created_at", "2025-11-14 20:14:37.483022"], ["updated_at", "2025-11-14 20:14:37.483022"], ["title", nil], ["password_digest", "[FILTERED]"]]
  [1m[36mTRANSACTION (3.2ms)[0m  [1m[36mcommit transaction[0m
  [1m[36mTRANSACTION (0.0ms)[0m  [1m[36mbegin transaction[0m
  [1m[36mPost Create (16.2ms)[0m  [1m[32mINSERT INTO "posts" ("title", "topic", "created_at", "updated_at", "user_id") VALUES (?, ?, ?, ?, ?) RETURNING "id"[0m  [["title", "Modi blanditiis nulla occaecati."], ["topic", "Fugiat alias cum. Quae quis ad. Assumenda sed esse."], ["created_at", "2025-11-14 20:14:37.492855"], ["updated_at", "2025-11-14 20:14:37.492855"], ["user_id", 10]]
  [1m[36mTRANSACTION (2.9ms)[0m  [1m[36mcommit transaction[0m
  [1m[36mTRANSACTION (0.0ms)[0m  [1m[36mbegin transaction[0m
  [1m[36mPost Create (12.3ms)[0m  [1m[32mINSERT INTO "posts" ("title", "topic", "created_at", "updated_at", "user_id") VALUES (?, ?, ?, ?, ?) RETURNING "id"[0m  [["title", "Optio alias illum dolorum."], ["topic", "Autem quia et. Est culpa minus. Debitis quia aspernatur."], ["created_at", "2025-11-14 20:14:37.513507"], ["updated_at", "2025-11-14 20:14:37.513507"], ["user_id", 10]]
  [1m[36mTRANSACTION (3.2ms)[0m  [1m[36mcommit transaction[0m
  [1m[36mTRANSACTION (0.0ms)[0m  [1m[36mbegin transaction[0m
  [1m[36mPost Create (14.1ms)[0m  [1m[32mINSERT INTO "posts" ("title", "topic", "created_at", "updated_at", "user_id") VALUES (?, ?, ?, ?, ?) RETURNING "id"[0m  [["title", "Consequuntur perspiciatis non nostrum."], ["topic", "Porro maiores voluptatem. Officiis perferendis quos. Accusantium sapiente et."], ["created_at", "2025-11-14 20:14:37.530689"], ["updated_at", "2025-11-14 20:14:37.530689"], ["user_id", 10]]
  [1m[36mTRANSACTION (4.4ms)[0m  [1m[36mcommit transaction[0m
  [1m[36mTRANSACTION (0.0ms)[0m  [1m[36mbegin transaction[0m
  [1m[36mPost Create (17.1ms)[0m  [1m[32mINSERT INTO "posts" ("title", "topic", "created_at", "updated_at", "user_id") VALUES (?, ?, ?, ?, ?) RETURNING "id"[0m  [["title", "Qui iure qui perspiciatis."], ["topic", "Consectetur quis aut. Dolor nihil id. Harum sint voluptas."], ["created_at", "2025-11-14 20:14:37.550746"], ["updated_at", "2025-11-14 20:14:37.550746"], ["user_id", 10]]
  [1m[36mTRANSACTION (3.0ms)[0m  [1m[36mcommit transaction[0m
  [1m[36mTRANSACTION (0.0ms)[0m  [1m[36mbegin transaction[0m
  [1m[36mPost Create (10.9ms)[0m  [1m[32mINSERT INTO "posts" ("title", "topic", "created_at", "updated_at", "user_id") VALUES (?, ?, ?, ?, ?) RETURNING "id"[0m  [["title", "Distinctio explicabo iure rerum."], ["topic", "Voluptatibus sapiente non. Tenetur placeat voluptatem. Qui dolorem quis."], ["created_at", "2025-11-14 20:14:37.572422"], ["updated_at", "2025-11-14 20:14:37.572422"], ["user_id", 10]]
  [1m[36mTRANSACTION (3.3ms)[0m  [1m[36mcommit transaction[0m
  [1m[36mTRANSACTION (0.0ms)[0m  [1m[36mbegin transaction[0m
  [1m[36mUser Exists? (13.0ms)[0m  [1m[34mSELECT 1 AS one FROM "users" WHERE "users"."email" = ? LIMIT ?[0m  [["email", "[FILTERED]"], ["LIMIT", 1]]
  [1m[36mUser Create (5.0ms)[0m  [1m[32mINSERT INTO "users" ("name", "email", "created_at", "updated_at", "title", "password_digest") VALUES (?, ?, ?, ?, ?, ?) RETURNING "id"[0m  [["name", "julissa mcglynn"], ["email", "[FILTERED]"], ["created_at", "2025-11-14 20:14:37.840949"], ["updated_at", "2025-11-14 20:14:37.840949"], ["title", nil], ["password_digest", "[FILTERED]"]]
  [1m[36mTRANSACTION (4.5ms)[0m  [1m[36mcommit transaction[0m
  [1m[36mTRANSACTION (0.0ms)[0m  [1m[36mbegin transaction[0m
  [1m[36mPost Create (13.7ms)[0m  [1m[32mINSERT INTO "posts" ("title", "topic", "created_at", "updated_at", "user_id") VALUES (?, ?, ?, ?, ?) RETURNING "id"[0m  [["title", "Voluptatem aspernatur optio quod."], ["topic", "Rerum omnis hic. Accusantium sed est. Et architecto rem."], ["created_at", "2025-11-14 20:14:37.852091"], ["updated_at", "2025-11-14 20:14:37.852091"], ["user_id", 11]]
  [1m[36mTRANSACTION (2.1ms)[0m  [1m[36mcommit transaction[0m
  [1m[36mTRANSACTION (0.0ms)[0m  [1m[36mbegin transaction[0m
  [1m[36mPost Create (10.4ms)[0m  [1m[32mINSERT INTO "posts" ("title", "topic", "created_at", "updated_at", "user_id") VALUES (?, ?, ?, ?, ?) RETURNING "id"[0m  [["title", "Id sint et iure."], ["topic", "Totam est praesentium. Provident vero delectus. Temporibus qui ut."], ["created_at", "2025-11-14 20:14:37.869750"], ["updated_at", "2025-11-14 20:14:37.869750"], ["user_id", 11]]
  [1m[36mTRANSACTION (2.7ms)[0m  [1m[36mcommit transaction[0m
  [1m[36mTRANSACTION (0.0ms)[0m  [1m[36mbegin transaction[0m
  [1m[36mPost Create (8.0ms)[0m  [1m[32mINSERT INTO "posts" ("title", "topic", "created_at", "updated_at", "user_id") VALUES (?, ?, ?, ?, ?) RETURNING "id"[0m  [["title", "Unde eos libero quia."], ["topic", "Molestias nam et. Assumenda qui a. Velit cum eligendi."], ["created_at", "2025-11-14 20:14:37.884479"], ["updated_at", "2025-11-14 20:14:37.884479"], ["user_id", 11]]
  [1m[36mTRANSACTION (3.1ms)[0m  [1m[36mcommit transaction[0m
  [1m[36mTRANSACTION (0.0ms)[0m  [1m[36mbegin transaction[0m
  [1m[36mPost Create (15.5ms)[0m  [1m[32mINSERT INTO "posts" ("title", "topic", "created_at", "updated_at", "user_id") VALUES (?, ?, ?, ?, ?) RETURNING "id"[0m  [["title", "Harum impedit pariatur illum."], ["topic", "Quos voluptas nesciunt. Aut enim quis. Aut iusto placeat."], ["created_at", "2025-11-14 20:14:37.897602"], ["updated_at", "2025-11-14 20:14:37.897602"], ["user_id", 11]]
  [1m[36mTRANSACTION (6.3ms)[0m  [1m[36mcommit transaction[0m
  [1m[36mTRANSACTION (0.0ms)[0m  [1m[36mbegin transaction[0m
  [1m[36mPost Create (14.9ms)[0m  [1m[32mINSERT INTO "posts" ("title", "topic", "created_at", "updated_at", "user_id") VALUES (?, ?, ?, ?, ?) RETURNING "id"[0m  [["title", "Quia totam enim ut."], ["topic", "Voluptas quibusdam incidunt. Tempore perferendis occaecati. Voluptates harum aut."], ["created_at", "2025-11-14 20:14:37.920853"], ["updated_at", "2025-11-14 20:14:37.920853"], ["user_id", 11]]
  [1m[36mTRANSACTION (4.0ms)[0m  [1m[36mcommit transaction[0m
  [1m[36mTRANSACTION (0.0ms)[0m  [1m[36mbegin transaction[0m
  [1m[36mUser Exists? (3.9ms)[0m  [1m[34mSELECT 1 AS one FROM "users" WHERE "users"."email" = ? LIMIT ?[0m  [["email", "[FILTERED]"], ["LIMIT", 1]]
  [1m[36mUser Create (2.7ms)[0m  [1m[32mINSERT INTO "users" ("name", "email", "created_at", "updated_at", "title", "password_digest") VALUES (?, ?, ?, ?, ?, ?) RETURNING "id"[0m  [["name", "brittny ritchie"], ["email", "[FILTERED]"], ["created_at", "2025-11-14 20:14:38.204496"], ["updated_at", "2025-11-14 20:14:38.204496"], ["title", nil], ["password_digest", "[FILTERED]"]]
  [1m[36mTRANSACTION (2.6ms)[0m  [1m[36mcommit transaction[0m
  [1m[36mTRANSACTION (0.0ms)[0m  [1m[36mbegin transaction[0m
  [1m[36mPost Create (11.0ms)[0m  [1m[32mINSERT INTO "posts" ("title", "topic", "created_at", "updated_at", "user_id") VALUES (?, ?, ?, ?, ?) RETURNING "id"[0m  [["title", "Dolor quo dignissimos inventore."], ["topic", "Asperiores nobis hic. Nam qui et. Omnis eveniet aut."], ["created_at", "2025-11-14 20:14:38.211376"], ["updated_at", "2025-11-14 20:14:38.211376"], ["user_id", 12]]
  [1m[36mTRANSACTION (2.3ms)[0m  [1m[36mcommit transaction[0m
  [1m[36mTRANSACTION (0.0ms)[0m  [1m[36mbegin transaction[0m
  [1m[36mPost Create (11.8ms)[0m  [1m[32mINSERT INTO "posts" ("title", "topic", "created_at", "updated_at", "user_id") VALUES (?, ?, ?, ?, ?) RETURNING "id"[0m  [["title", "Et eius enim tempore."], ["topic", "Quis quia porro. Et asperiores necessitatibus. Deleniti vitae cupiditate."], ["created_at", "2025-11-14 20:14:38.226251"], ["updated_at", "2025-11-14 20:14:38.226251"], ["user_id", 12]]
  [1m[36mTRANSACTION (2.8ms)[0m  [1m[36mcommit transaction[0m
  [1m[36mTRANSACTION (0.0ms)[0m  [1m[36mbegin transaction[0m
  [1m[36mPost Create (10.8ms)[0m  [1m[32mINSERT INTO "posts" ("title", "topic", "created_at", "updated_at", "user_id") VALUES (?, ?, ?, ?, ?) RETURNING "id"[0m  [["title", "Laboriosam ut itaque est."], ["topic", "Et ut voluptas. Dolor ut quis. Qui veritatis consequatur."], ["created_at", "2025-11-14 20:14:38.242584"], ["updated_at", "2025-11-14 20:14:38.242584"], ["user_id", 12]]
  [1m[36mTRANSACTION (3.7ms)[0m  [1m[36mcommit transaction[0m
  [1m[36mTRANSACTION (0.0ms)[0m  [1m[36mbegin transaction[0m
  [1m[36mPost Create (12.3ms)[0m  [1m[32mINSERT INTO "posts" ("title", "topic", "created_at", "updated_at", "user_id") VALUES (?, ?, ?, ?, ?) RETURNING "id"[0m  [["title", "Consequatur sunt rerum a."], ["topic", "Tempore id incidunt. Voluptatum sapiente impedit. Nesciunt eum nulla."], ["created_at", "2025-11-14 20:14:38.258673"], ["updated_at", "2025-11-14 20:14:38.258673"], ["user_id", 12]]
  [1m[36mTRANSACTION (3.6ms)[0m  [1m[36mcommit transaction[0m
  [1m[36mTRANSACTION (0.0ms)[0m  [1m[36mbegin transaction[0m
  [1m[36mPost Create (10.3ms)[0m  [1m[32mINSERT INTO "posts" ("title", "topic", "created_at", "updated_at", "user_id") VALUES (?, ?, ?, ?, ?) RETURNING "id"[0m  [["title", "Quaerat culpa hic ullam."], ["topic", "Minima occaecati consequatur. Vero atque qui. Quisquam aliquid dignissimos."], ["created_at", "2025-11-14 20:14:38.276159"], ["updated_at", "2025-11-14 20:14:38.276159"], ["user_id", 12]]
  [1m[36mTRANSACTION (3.9ms)[0m  [1m[36mcommit transaction[0m
  [1m[36mTRANSACTION (0.0ms)[0m  [1m[36mbegin transaction[0m
  [1m[36mUser Exists? (8.8ms)[0m  [1m[34mSELECT 1 AS one FROM "users" WHERE "users"."email" = ? LIMIT ?[0m  [["email", "[FILTERED]"], ["LIMIT", 1]]
  [1m[36mUser Create (3.5ms)[0m  [1m[32mINSERT INTO "users" ("name", "email", "created_at", "updated_at", "title", "password_digest") VALUES (?, ?, ?, ?, ?, ?) RETURNING "id"[0m  [["name", "azalee harber"], ["email", "[FILTERED]"], ["created_at", "2025-11-14 20:14:38.539754"], ["updated_at", "2025-11-14 20:14:38.539754"], ["title", nil], ["password_digest", "[FILTERED]"]]
  [1m[36mTRANSACTION (1.9ms)[0m  [1m[36mcommit transaction[0m
  [1m[36mTRANSACTION (0.0ms)[0m  [1m[36mbegin transaction[0m
  [1m[36mPost Create (13.2ms)[0m  [1m[32mINSERT INTO "posts" ("title", "topic", "created_at", "updated_at", "user_id") VALUES (?, ?, ?, ?, ?) RETURNING "id"[0m  [["title", "Sed eum magni dolores."], ["topic", "Voluptatum velit similique. Ullam et eligendi. Facere odit non."], ["created_at", "2025-11-14 20:14:38.548239"], ["updated_at", "2025-11-14 20:14:38.548239"], ["user_id", 13]]
  [1m[36mTRANSACTION (3.4ms)[0m  [1m[36mcommit transaction[0m
  [1m[36mTRANSACTION (0.0ms)[0m  [1m[36mbegin transaction[0m
  [1m[36mPost Create (12.8ms)[0m  [1m[32mINSERT INTO "posts" ("title", "topic", "created_at", "updated_at", "user_id") VALUES (?, ?, ?, ?, ?) RETURNING "id"[0m  [["title", "Aut qui laudantium ex."], ["topic", "Tempora reprehenderit id. Dolor rerum consectetur. Minima dolor aliquam."], ["created_at", "2025-11-14 20:14:38.566402"], ["updated_at", "2025-11-14 20:14:38.566402"], ["user_id", 13]]
  [1m[36mTRANSACTION (1.6ms)[0m  [1m[36mcommit transaction[0m
  [1m[36mTRANSACTION (0.0ms)[0m  [1m[36mbegin transaction[0m
  [1m[36mPost Create (11.7ms)[0m  [1m[32mINSERT INTO "posts" ("title", "topic", "created_at", "updated_at", "user_id") VALUES (?, ?, ?, ?, ?) RETURNING "id"[0m  [["title", "Modi dolor sequi ipsa."], ["topic", "Optio in quae. Omnis aspernatur aut. Quo corporis voluptas."], ["created_at", "2025-11-14 20:14:38.582344"], ["updated_at", "2025-11-14 20:14:38.582344"], ["user_id", 13]]
  [1m[36mTRANSACTION (3.0ms)[0m  [1m[36mcommit transaction[0m
  [1m[36mTRANSACTION (0.0ms)[0m  [1m[36mbegin transaction[0m
  [1m[36mPost Create (11.1ms)[0m  [1m[32mINSERT INTO "posts" ("title", "topic", "created_at", "updated_at", "user_id") VALUES (?, ?, ?, ?, ?) RETURNING "id"[0m  [["title", "Itaque ipsum consequatur cupiditate."], ["topic", "Ab similique quia. Eius vero ea. Beatae ullam dolor."], ["created_at", "2025-11-14 20:14:38.598981"], ["updated_at", "2025-11-14 20:14:38.598981"], ["user_id", 13]]
  [1m[36mTRANSACTION (4.1ms)[0m  [1m[36mcommit transaction[0m
  [1m[36mTRANSACTION (0.0ms)[0m  [1m[36mbegin transaction[0m
  [1m[36mPost Create (14.2ms)[0m  [1m[32mINSERT INTO "posts" ("title", "topic", "created_at", "updated_at", "user_id") VALUES (?, ?, ?, ?, ?) RETURNING "id"[0m  [["title", "Amet autem nostrum quia."], ["topic", "Unde quo voluptatem. Dolores vel rerum. Exercitationem assumenda laboriosam."], ["created_at", "2025-11-14 20:14:38.615676"], ["updated_at", "2025-11-14 20:14:38.615676"], ["user_id", 13]]
  [1m[36mTRANSACTION (2.2ms)[0m  [1m[36mcommit transaction[0m
  [1m[36mTRANSACTION (0.0ms)[0m  [1m[36mbegin transaction[0m
  [1m[36mUser Exists? (4.9ms)[0m  [1m[34mSELECT 1 AS one FROM "users" WHERE "users"."email" = ? LIMIT ?[0m  [["email", "[FILTERED]"], ["LIMIT", 1]]
  [1m[36mUser Create (3.9ms)[0m  [1m[32mINSERT INTO "users" ("name", "email", "created_at", "updated_at", "title", "password_digest") VALUES (?, ?, ?, ?, ?, ?) RETURNING "id"[0m  [["name", "robin rau"], ["email", "[FILTERED]"], ["created_at", "2025-11-14 20:14:38.899031"], ["updated_at", "2025-11-14 20:14:38.899031"], ["title", nil], ["password_digest", "[FILTERED]"]]
  [1m[36mTRANSACTION (3.2ms)[0m  [1m[36mcommit transaction[0m
  [1m[36mTRANSACTION (0.0ms)[0m  [1m[36mbegin transaction[0m
  [1m[36mPost Create (11.4ms)[0m  [1m[32mINSERT INTO "posts" ("title", "topic", "created_at", "updated_at", "user_id") VALUES (?, ?, ?, ?, ?) RETURNING "id"[0m  [["title", "Voluptas tempora nobis unde."], ["topic", "Repudiandae dolorem et. Qui magnam rerum. Ducimus dolor porro."], ["created_at", "2025-11-14 20:14:38.908219"], ["updated_at", "2025-11-14 20:14:38.908219"], ["user_id", 14]]
  [1m[36mTRANSACTION (2.8ms)[0m  [1m[36mcommit transaction[0m
  [1m[36mTRANSACTION (0.0ms)[0m  [1m[36mbegin transaction[0m
  [1m[36mPost Create (9.3ms)[0m  [1m[32mINSERT INTO "posts" ("title", "topic", "created_at", "updated_at", "user_id") VALUES (?, ?, ?, ?, ?) RETURNING "id"[0m  [["title", "Omnis et aut dolor."], ["topic", "Sunt alias vel. Corrupti numquam illo. Facere ea eum."], ["created_at", "2025-11-14 20:14:38.924213"], ["updated_at", "2025-11-14 20:14:38.924213"], ["user_id", 14]]
  [1m[36mTRANSACTION (3.6ms)[0m  [1m[36mcommit transaction[0m
  [1m[36mTRANSACTION (0.0ms)[0m  [1m[36mbegin transaction[0m
  [1m[36mPost Create (11.1ms)[0m  [1m[32mINSERT INTO "posts" ("title", "topic", "created_at", "updated_at", "user_id") VALUES (?, ?, ?, ?, ?) RETURNING "id"[0m  [["title", "Deserunt ullam dolores beatae."], ["topic", "Quos nobis iste. Quia adipisci aperiam. Dicta dolorem fugit."], ["created_at", "2025-11-14 20:14:38.938641"], ["updated_at", "2025-11-14 20:14:38.938641"], ["user_id", 14]]
  [1m[36mTRANSACTION (2.4ms)[0m  [1m[36mcommit transaction[0m
  [1m[36mTRANSACTION (0.0ms)[0m  [1m[36mbegin transaction[0m
  [1m[36mPost Create (9.8ms)[0m  [1m[32mINSERT INTO "posts" ("title", "topic", "created_at", "updated_at", "user_id") VALUES (?, ?, ?, ?, ?) RETURNING "id"[0m  [["title", "Saepe et qui nobis."], ["topic", "Sed beatae dolores. Quia corporis sint. Maxime enim sed."], ["created_at", "2025-11-14 20:14:38.953667"], ["updated_at", "2025-11-14 20:14:38.953667"], ["user_id", 14]]
  [1m[36mTRANSACTION (2.0ms)[0m  [1m[36mcommit transaction[0m
  [1m[36mTRANSACTION (0.0ms)[0m  [1m[36mbegin transaction[0m
  [1m[36mPost Create (9.5ms)[0m  [1m[32mINSERT INTO "posts" ("title", "topic", "created_at", "updated_at", "user_id") VALUES (?, ?, ?, ?, ?) RETURNING "id"[0m  [["title", "In reiciendis quia reprehenderit."], ["topic", "Error quae in. Suscipit ipsam vitae. Eveniet sint vero."], ["created_at", "2025-11-14 20:14:38.967033"], ["updated_at", "2025-11-14 20:14:38.967033"], ["user_id", 14]]
  [1m[36mTRANSACTION (3.5ms)[0m  [1m[36mcommit transaction[0m
  [1m[36mTRANSACTION (0.0ms)[0m  [1m[36mbegin transaction[0m
  [1m[36mUser Exists? (8.3ms)[0m  [1m[34mSELECT 1 AS one FROM "users" WHERE "users"."email" = ? LIMIT ?[0m  [["email", "[FILTERED]"], ["LIMIT", 1]]
  [1m[36mUser Create (2.3ms)[0m  [1m[32mINSERT INTO "users" ("name", "email", "created_at", "updated_at", "title", "password_digest") VALUES (?, ?, ?, ?, ?, ?) RETURNING "id"[0m  [["name", "joette hartmann"], ["email", "[FILTERED]"], ["created_at", "2025-11-14 20:14:39.236763"], ["updated_at", "2025-11-14 20:14:39.236763"], ["title", nil], ["password_digest", "[FILTERED]"]]
  [1m[36mTRANSACTION (2.0ms)[0m  [1m[36mcommit transaction[0m
  [1m[36mTRANSACTION (0.0ms)[0m  [1m[36mbegin transaction[0m
  [1m[36mPost Create (11.9ms)[0m  [1m[32mINSERT INTO "posts" ("title", "topic", "created_at", "updated_at", "user_id") VALUES (?, ?, ?, ?, ?) RETURNING "id"[0m  [["title", "Minima vel in quae."], ["topic", "Est repellat occaecati. Quisquam distinctio quis. Animi non consequatur."], ["created_at", "2025-11-14 20:14:39.242779"], ["updated_at", "2025-11-14 20:14:39.242779"], ["user_id", 15]]
  [1m[36mTRANSACTION (4.0ms)[0m  [1m[36mcommit transaction[0m
  [1m[36mTRANSACTION (0.0ms)[0m  [1m[36mbegin transaction[0m
  [1m[36mPost Create (9.7ms)[0m  [1m[32mINSERT INTO "posts" ("title", "topic", "created_at", "updated_at", "user_id") VALUES (?, ?, ?, ?, ?) RETURNING "id"[0m  [["title", "Nostrum voluptatem dolorem incidunt."], ["topic", "Eius excepturi modi. Ab animi similique. Aut et aut."], ["created_at", "2025-11-14 20:14:39.260343"], ["updated_at", "2025-11-14 20:14:39.260343"], ["user_id", 15]]
  [1m[36mTRANSACTION (3.2ms)[0m  [1m[36mcommit transaction[0m
  [1m[36mTRANSACTION (0.0ms)[0m  [1m[36mbegin transaction[0m
  [1m[36mPost Create (12.3ms)[0m  [1m[32mINSERT INTO "posts" ("title", "topic", "created_at", "updated_at", "user_id") VALUES (?, ?, ?, ?, ?) RETURNING "id"[0m  [["title", "Corrupti nihil autem temporibus."], ["topic", "Omnis dicta maiores. Tempore nulla id. Optio saepe enim."], ["created_at", "2025-11-14 20:14:39.275229"], ["updated_at", "2025-11-14 20:14:39.275229"], ["user_id", 15]]
  [1m[36mTRANSACTION (2.6ms)[0m  [1m[36mcommit transaction[0m
  [1m[36mTRANSACTION (0.0ms)[0m  [1m[36mbegin transaction[0m
  [1m[36mPost Create (15.5ms)[0m  [1m[32mINSERT INTO "posts" ("title", "topic", "created_at", "updated_at", "user_id") VALUES (?, ?, ?, ?, ?) RETURNING "id"[0m  [["title", "Nemo voluptatem aut itaque."], ["topic", "Officiis ducimus quos. Cum ut officiis. Ipsa assumenda est."], ["created_at", "2025-11-14 20:14:39.291671"], ["updated_at", "2025-11-14 20:14:39.291671"], ["user_id", 15]]
  [1m[36mTRANSACTION (3.8ms)[0m  [1m[36mcommit transaction[0m
  [1m[36mTRANSACTION (0.0ms)[0m  [1m[36mbegin transaction[0m
  [1m[36mPost Create (12.7ms)[0m  [1m[32mINSERT INTO "posts" ("title", "topic", "created_at", "updated_at", "user_id") VALUES (?, ?, ?, ?, ?) RETURNING "id"[0m  [["title", "Similique dolor eveniet in."], ["topic", "Quo non sit. Itaque ea dolore. Tempora eum sit."], ["created_at", "2025-11-14 20:14:39.313062"], ["updated_at", "2025-11-14 20:14:39.313062"], ["user_id", 15]]
  [1m[36mTRANSACTION (2.9ms)[0m  [1m[36mcommit transaction[0m
  [1m[36mTRANSACTION (0.0ms)[0m  [1m[36mbegin transaction[0m
  [1m[36mUser Exists? (2.3ms)[0m  [1m[34mSELECT 1 AS one FROM "users" WHERE "users"."email" = ? LIMIT ?[0m  [["email", "[FILTERED]"], ["LIMIT", 1]]
  [1m[36mUser Create (3.0ms)[0m  [1m[32mINSERT INTO "users" ("name", "email", "created_at", "updated_at", "title", "password_digest") VALUES (?, ?, ?, ?, ?, ?) RETURNING "id"[0m  [["name", "deborah douglas"], ["email", "[FILTERED]"], ["created_at", "2025-11-14 20:14:39.601083"], ["updated_at", "2025-11-14 20:14:39.601083"], ["title", nil], ["password_digest", "[FILTERED]"]]
  [1m[36mTRANSACTION (3.0ms)[0m  [1m[36mcommit transaction[0m
  [1m[36mTRANSACTION (0.0ms)[0m  [1m[36mbegin transaction[0m
  [1m[36mPost Create (11.2ms)[0m  [1m[32mINSERT INTO "posts" ("title", "topic", "created_at", "updated_at", "user_id") VALUES (?, ?, ?, ?, ?) RETURNING "id"[0m  [["title", "Nostrum deleniti vero sed."], ["topic", "Deserunt et rerum. Modi voluptatum autem. Dolorum in voluptatibus."], ["created_at", "2025-11-14 20:14:39.609143"], ["updated_at", "2025-11-14 20:14:39.609143"], ["user_id", 16]]
  [1m[36mTRANSACTION (2.2ms)[0m  [1m[36mcommit transaction[0m
  [1m[36mTRANSACTION (0.0ms)[0m  [1m[36mbegin transaction[0m
  [1m[36mPost Create (8.2ms)[0m  [1m[32mINSERT INTO "posts" ("title", "topic", "created_at", "updated_at", "user_id") VALUES (?, ?, ?, ?, ?) RETURNING "id"[0m  [["title", "Illum ipsum sint occaecati."], ["topic", "Debitis exercitationem sit. Officiis ab soluta. Doloremque non neque."], ["created_at", "2025-11-14 20:14:39.623997"], ["updated_at", "2025-11-14 20:14:39.623997"], ["user_id", 16]]
  [1m[36mTRANSACTION (2.8ms)[0m  [1m[36mcommit transaction[0m
  [1m[36mTRANSACTION (0.0ms)[0m  [1m[36mbegin transaction[0m
  [1m[36mPost Create (11.1ms)[0m  [1m[32mINSERT INTO "posts" ("title", "topic", "created_at", "updated_at", "user_id") VALUES (?, ?, ?, ?, ?) RETURNING "id"[0m  [["title", "Esse tempora soluta id."], ["topic", "Et aliquid explicabo. Et sit maiores. Natus quis reiciendis."], ["created_at", "2025-11-14 20:14:39.636702"], ["updated_at", "2025-11-14 20:14:39.636702"], ["user_id", 16]]
  [1m[36mTRANSACTION (4.2ms)[0m  [1m[36mcommit transaction[0m
  [1m[36mTRANSACTION (0.0ms)[0m  [1m[36mbegin transaction[0m
  [1m[36mPost Create (11.0ms)[0m  [1m[32mINSERT INTO "posts" ("title", "topic", "created_at", "updated_at", "user_id") VALUES (?, ?, ?, ?, ?) RETURNING "id"[0m  [["title", "Dolorem quia modi ut."], ["topic", "Qui quae odio. Eaque voluptatem ut. Natus sit ducimus."], ["created_at", "2025-11-14 20:14:39.653825"], ["updated_at", "2025-11-14 20:14:39.653825"], ["user_id", 16]]
  [1m[36mTRANSACTION (3.4ms)[0m  [1m[36mcommit transaction[0m
  [1m[36mTRANSACTION (0.0ms)[0m  [1m[36mbegin transaction[0m
  [1m[36mPost Create (10.4ms)[0m  [1m[32mINSERT INTO "posts" ("title", "topic", "created_at", "updated_at", "user_id") VALUES (?, ?, ?, ?, ?) RETURNING "id"[0m  [["title", "Rerum vel molestiae debitis."], ["topic", "Non voluptatem officiis. Quo quia ipsam. Incidunt nisi rerum."], ["created_at", "2025-11-14 20:14:39.669866"], ["updated_at", "2025-11-14 20:14:39.669866"], ["user_id", 16]]
  [1m[36mTRANSACTION (1.5ms)[0m  [1m[36mcommit transaction[0m
  [1m[36mTRANSACTION (0.0ms)[0m  [1m[36mbegin transaction[0m
  [1m[36mUser Exists? (9.3ms)[0m  [1m[34mSELECT 1 AS one FROM "users" WHERE "users"."email" = ? LIMIT ?[0m  [["email", "[FILTERED]"], ["LIMIT", 1]]
  [1m[36mUser Create (3.2ms)[0m  [1m[32mINSERT INTO "users" ("name", "email", "created_at", "updated_at", "title", "password_digest") VALUES (?, ?, ?, ?, ?, ?) RETURNING "id"[0m  [["name", "erick wilkinson"], ["email", "[FILTERED]"], ["created_at", "2025-11-14 20:14:39.931043"], ["updated_at", "2025-11-14 20:14:39.931043"], ["title", nil], ["password_digest", "[FILTERED]"]]
  [1m[36mTRANSACTION (3.7ms)[0m  [1m[36mcommit transaction[0m
  [1m[36mTRANSACTION (0.0ms)[0m  [1m[36mbegin transaction[0m
  [1m[36mPost Create (13.6ms)[0m  [1m[32mINSERT INTO "posts" ("title", "topic", "created_at", "updated_at", "user_id") VALUES (?, ?, ?, ?, ?) RETURNING "id"[0m  [["title", "Dolore modi est ex."], ["topic", "Sed et neque. Et modi voluptas. Facilis debitis harum."], ["created_at", "2025-11-14 20:14:39.939662"], ["updated_at", "2025-11-14 20:14:39.939662"], ["user_id", 17]]
  [1m[36mTRANSACTION (2.0ms)[0m  [1m[36mcommit transaction[0m
  [1m[36mTRANSACTION (0.0ms)[0m  [1m[36mbegin transaction[0m
  [1m[36mPost Create (9.1ms)[0m  [1m[32mINSERT INTO "posts" ("title", "topic", "created_at", "updated_at", "user_id") VALUES (?, ?, ?, ?, ?) RETURNING "id"[0m  [["title", "Optio voluptatem quis distinctio."], ["topic", "Voluptatem est quia. Qui et sapiente. Quasi et delectus."], ["created_at", "2025-11-14 20:14:39.958155"], ["updated_at", "2025-11-14 20:14:39.958155"], ["user_id", 17]]
  [1m[36mTRANSACTION (2.0ms)[0m  [1m[36mcommit transaction[0m
  [1m[36mTRANSACTION (0.0ms)[0m  [1m[36mbegin transaction[0m
  [1m[36mPost Create (12.6ms)[0m  [1m[32mINSERT INTO "posts" ("title", "topic", "created_at", "updated_at", "user_id") VALUES (?, ?, ?, ?, ?) RETURNING "id"[0m  [["title", "Totam fugit laborum vitae."], ["topic", "Eveniet quos libero. Omnis sit laudantium. Quo fugit iure."], ["created_at", "2025-11-14 20:14:39.970756"], ["updated_at", "2025-11-14 20:14:39.970756"], ["user_id", 17]]
  [1m[36mTRANSACTION (2.6ms)[0m  [1m[36mcommit transaction[0m
  [1m[36mTRANSACTION (0.0ms)[0m  [1m[36mbegin transaction[0m
  [1m[36mPost Create (10.0ms)[0m  [1m[32mINSERT INTO "posts" ("title", "topic", "created_at", "updated_at", "user_id") VALUES (?, ?, ?, ?, ?) RETURNING "id"[0m  [["title", "Maiores pariatur quod quia."], ["topic", "Eveniet minus odio. Animi quia ut. Officia accusantium nobis."], ["created_at", "2025-11-14 20:14:39.987411"], ["updated_at", "2025-11-14 20:14:39.987411"], ["user_id", 17]]
  [1m[36mTRANSACTION (3.5ms)[0m  [1m[36mcommit transaction[0m
  [1m[36mTRANSACTION (0.0ms)[0m  [1m[36mbegin transaction[0m
  [1m[36mPost Create (14.1ms)[0m  [1m[32mINSERT INTO "posts" ("title", "topic", "created_at", "updated_at", "user_id") VALUES (?, ?, ?, ?, ?) RETURNING "id"[0m  [["title", "Ducimus quam et deleniti."], ["topic", "Nostrum impedit nulla. Sed ipsum dicta. Quo voluptatem consectetur."], ["created_at", "2025-11-14 20:14:40.002816"], ["updated_at", "2025-11-14 20:14:40.002816"], ["user_id", 17]]
  [1m[36mTRANSACTION (3.1ms)[0m  [1m[36mcommit transaction[0m
  [1m[36mTRANSACTION (0.1ms)[0m  [1m[36mbegin transaction[0m
  [1m[36mUser Exists? (4.0ms)[0m  [1m[34mSELECT 1 AS one FROM "users" WHERE "users"."email" = ? LIMIT ?[0m  [["email", "[FILTERED]"], ["LIMIT", 1]]
  [1m[36mUser Create (6.3ms)[0m  [1m[32mINSERT INTO "users" ("name", "email", "created_at", "updated_at", "title", "password_digest") VALUES (?, ?, ?, ?, ?, ?) RETURNING "id"[0m  [["name", "benjamin ryan"], ["email", "[FILTERED]"], ["created_at", "2025-11-14 20:14:40.307781"], ["updated_at", "2025-11-14 20:14:40.307781"], ["title", nil], ["password_digest", "[FILTERED]"]]
  [1m[36mTRANSACTION (1.8ms)[0m  [1m[36mcommit transaction[0m
  [1m[36mTRANSACTION (0.0ms)[0m  [1m[36mbegin transaction[0m
  [1m[36mPost Create (16.2ms)[0m  [1m[32mINSERT INTO "posts" ("title", "topic", "created_at", "updated_at", "user_id") VALUES (?, ?, ?, ?, ?) RETURNING "id"[0m  [["title", "Et dolor eum in."], ["topic", "Suscipit dicta praesentium. Est quidem deleniti. Et corporis omnis."], ["created_at", "2025-11-14 20:14:40.319949"], ["updated_at", "2025-11-14 20:14:40.319949"], ["user_id", 18]]
  [1m[36mTRANSACTION (7.5ms)[0m  [1m[36mcommit transaction[0m
  [1m[36mTRANSACTION (0.0ms)[0m  [1m[36mbegin transaction[0m
  [1m[36mPost Create (11.3ms)[0m  [1m[32mINSERT INTO "posts" ("title", "topic", "created_at", "updated_at", "user_id") VALUES (?, ?, ?, ?, ?) RETURNING "id"[0m  [["title", "Id labore nihil architecto."], ["topic", "Quo exercitationem ullam. Maxime nobis quod. Odit consequatur libero."], ["created_at", "2025-11-14 20:14:40.345527"], ["updated_at", "2025-11-14 20:14:40.345527"], ["user_id", 18]]
  [1m[36mTRANSACTION (2.1ms)[0m  [1m[36mcommit transaction[0m
  [1m[36mTRANSACTION (0.0ms)[0m  [1m[36mbegin transaction[0m
  [1m[36mPost Create (10.0ms)[0m  [1m[32mINSERT INTO "posts" ("title", "topic", "created_at", "updated_at", "user_id") VALUES (?, ?, ?, ?, ?) RETURNING "id"[0m  [["title", "Aut odio illo rerum."], ["topic", "Ut voluptate magni. Quidem ratione reiciendis. A quia voluptatibus."], ["created_at", "2025-11-14 20:14:40.360960"], ["updated_at", "2025-11-14 20:14:40.360960"], ["user_id", 18]]
  [1m[36mTRANSACTION (2.4ms)[0m  [1m[36mcommit transaction[0m
  [1m[36mTRANSACTION (0.0ms)[0m  [1m[36mbegin transaction[0m
  [1m[36mPost Create (9.6ms)[0m  [1m[32mINSERT INTO "posts" ("title", "topic", "created_at", "updated_at", "user_id") VALUES (?, ?, ?, ?, ?) RETURNING "id"[0m  [["title", "Veniam fugit vero aliquam."], ["topic", "Voluptas libero eius. Esse ad quia. Placeat iure tenetur."], ["created_at", "2025-11-14 20:14:40.374984"], ["updated_at", "2025-11-14 20:14:40.374984"], ["user_id", 18]]
  [1m[36mTRANSACTION (4.0ms)[0m  [1m[36mcommit transaction[0m
  [1m[36mTRANSACTION (0.0ms)[0m  [1m[36mbegin transaction[0m
  [1m[36mPost Create (7.4ms)[0m  [1m[32mINSERT INTO "posts" ("title", "topic", "created_at", "updated_at", "user_id") VALUES (?, ?, ?, ?, ?) RETURNING "id"[0m  [["title", "Soluta mollitia est tempora."], ["topic", "Non consequatur ut. Reiciendis error rerum. Provident error quod."], ["created_at", "2025-11-14 20:14:40.390184"], ["updated_at", "2025-11-14 20:14:40.390184"], ["user_id", 18]]
  [1m[36mTRANSACTION (2.3ms)[0m  [1m[36mcommit transaction[0m
  [1m[36mTRANSACTION (0.0ms)[0m  [1m[36mbegin transaction[0m
  [1m[36mUser Exists? (8.7ms)[0m  [1m[34mSELECT 1 AS one FROM "users" WHERE "users"."email" = ? LIMIT ?[0m  [["email", "[FILTERED]"], ["LIMIT", 1]]
  [1m[36mUser Create (4.6ms)[0m  [1m[32mINSERT INTO "users" ("name", "email", "created_at", "updated_at", "title", "password_digest") VALUES (?, ?, ?, ?, ?, ?) RETURNING "id"[0m  [["name", "donny pfeffer"], ["email", "[FILTERED]"], ["created_at", "2025-11-14 20:14:40.649499"], ["updated_at", "2025-11-14 20:14:40.649499"], ["title", nil], ["password_digest", "[FILTERED]"]]
  [1m[36mTRANSACTION (3.4ms)[0m  [1m[36mcommit transaction[0m
  [1m[36mTRANSACTION (0.0ms)[0m  [1m[36mbegin transaction[0m
  [1m[36mPost Create (14.4ms)[0m  [1m[32mINSERT INTO "posts" ("title", "topic", "created_at", "updated_at", "user_id") VALUES (?, ?, ?, ?, ?) RETURNING "id"[0m  [["title", "Voluptate et nulla tempore."], ["topic", "Dolore sunt id. Sunt est quia. Distinctio rerum labore."], ["created_at", "2025-11-14 20:14:40.659248"], ["updated_at", "2025-11-14 20:14:40.659248"], ["user_id", 19]]
  [1m[36mTRANSACTION (3.7ms)[0m  [1m[36mcommit transaction[0m
  [1m[36mTRANSACTION (0.0ms)[0m  [1m[36mbegin transaction[0m
  [1m[36mPost Create (13.3ms)[0m  [1m[32mINSERT INTO "posts" ("title", "topic", "created_at", "updated_at", "user_id") VALUES (?, ?, ?, ?, ?) RETURNING "id"[0m  [["title", "Nemo qui repellendus aut."], ["topic", "Velit qui provident. Fugiat veritatis sit. Et rerum iure."], ["created_at", "2025-11-14 20:14:40.679273"], ["updated_at", "2025-11-14 20:14:40.679273"], ["user_id", 19]]
  [1m[36mTRANSACTION (1.5ms)[0m  [1m[36mcommit transaction[0m
  [1m[36mTRANSACTION (0.0ms)[0m  [1m[36mbegin transaction[0m
  [1m[36mPost Create (10.8ms)[0m  [1m[32mINSERT INTO "posts" ("title", "topic", "created_at", "updated_at", "user_id") VALUES (?, ?, ?, ?, ?) RETURNING "id"[0m  [["title", "Voluptatem sed ipsam similique."], ["topic", "Atque dicta laborum. Aliquid excepturi est. Ut facere sed."], ["created_at", "2025-11-14 20:14:40.695626"], ["updated_at", "2025-11-14 20:14:40.695626"], ["user_id", 19]]
  [1m[36mTRANSACTION (5.0ms)[0m  [1m[36mcommit transaction[0m
  [1m[36mTRANSACTION (0.0ms)[0m  [1m[36mbegin transaction[0m
  [1m[36mPost Create (9.6ms)[0m  [1m[32mINSERT INTO "posts" ("title", "topic", "created_at", "updated_at", "user_id") VALUES (?, ?, ?, ?, ?) RETURNING "id"[0m  [["title", "Tempore aliquam deleniti magni."], ["topic", "Est error at. Voluptatem quo dolores. Inventore eaque ut."], ["created_at", "2025-11-14 20:14:40.713767"], ["updated_at", "2025-11-14 20:14:40.713767"], ["user_id", 19]]
  [1m[36mTRANSACTION (2.2ms)[0m  [1m[36mcommit transaction[0m
  [1m[36mTRANSACTION (0.0ms)[0m  [1m[36mbegin transaction[0m
  [1m[36mPost Create (11.6ms)[0m  [1m[32mINSERT INTO "posts" ("title", "topic", "created_at", "updated_at", "user_id") VALUES (?, ?, ?, ?, ?) RETURNING "id"[0m  [["title", "Et vero odio qui."], ["topic", "Dolor quia error. Rerum illum vitae. Optio dignissimos beatae."], ["created_at", "2025-11-14 20:14:40.727162"], ["updated_at", "2025-11-14 20:14:40.727162"], ["user_id", 19]]
  [1m[36mTRANSACTION (3.1ms)[0m  [1m[36mcommit transaction[0m
  [1m[36mTRANSACTION (0.0ms)[0m  [1m[36mbegin transaction[0m
  [1m[36mUser Exists? (3.6ms)[0m  [1m[34mSELECT 1 AS one FROM "users" WHERE "users"."email" = ? LIMIT ?[0m  [["email", "[FILTERED]"], ["LIMIT", 1]]
  [1m[36mUser Create (1.5ms)[0m  [1m[32mINSERT INTO "users" ("name", "email", "created_at", "updated_at", "title", "password_digest") VALUES (?, ?, ?, ?, ?, ?) RETURNING "id"[0m  [["name", "maria christiansen"], ["email", "[FILTERED]"], ["created_at", "2025-11-14 20:14:41.000297"], ["updated_at", "2025-11-14 20:14:41.000297"], ["title", nil], ["password_digest", "[FILTERED]"]]
  [1m[36mTRANSACTION (1.9ms)[0m  [1m[36mcommit transaction[0m
  [1m[36mTRANSACTION (0.0ms)[0m  [1m[36mbegin transaction[0m
  [1m[36mPost Create (12.4ms)[0m  [1m[32mINSERT INTO "posts" ("title", "topic", "created_at", "updated_at", "user_id") VALUES (?, ?, ?, ?, ?) RETURNING "id"[0m  [["title", "Nulla possimus est autem."], ["topic", "Aperiam minima est. Ea reiciendis facilis. Voluptas nemo deleniti."], ["created_at", "2025-11-14 20:14:41.005292"], ["updated_at", "2025-11-14 20:14:41.005292"], ["user_id", 20]]
  [1m[36mTRANSACTION (2.9ms)[0m  [1m[36mcommit transaction[0m
  [1m[36mTRANSACTION (0.0ms)[0m  [1m[36mbegin transaction[0m
  [1m[36mPost Create (15.7ms)[0m  [1m[32mINSERT INTO "posts" ("title", "topic", "created_at", "updated_at", "user_id") VALUES (?, ?, ?, ?, ?) RETURNING "id"[0m  [["title", "Eum quasi cumque laboriosam."], ["topic", "Ipsum quidem corporis. Excepturi qui voluptatibus. Sunt quia quisquam."], ["created_at", "2025-11-14 20:14:41.022420"], ["updated_at", "2025-11-14 20:14:41.022420"], ["user_id", 20]]
  [1m[36mTRANSACTION (2.4ms)[0m  [1m[36mcommit transaction[0m
  [1m[36mTRANSACTION (0.0ms)[0m  [1m[36mbegin transaction[0m
  [1m[36mPost Create (9.2ms)[0m  [1m[32mINSERT INTO "posts" ("title", "topic", "created_at", "updated_at", "user_id") VALUES (?, ?, ?, ?, ?) RETURNING "id"[0m  [["title", "Autem necessitatibus impedit voluptate."], ["topic", "Eos repellat dolores. Fuga eaque dicta. Expedita ut exercitationem."], ["created_at", "2025-11-14 20:14:41.042172"], ["updated_at", "2025-11-14 20:14:41.042172"], ["user_id", 20]]
  [1m[36mTRANSACTION (1.5ms)[0m  [1m[36mcommit transaction[0m
  [1m[36mTRANSACTION (0.0ms)[0m  [1m[36mbegin transaction[0m
  [1m[36mPost Create (9.1ms)[0m  [1m[32mINSERT INTO "posts" ("title", "topic", "created_at", "updated_at", "user_id") VALUES (?, ?, ?, ?, ?) RETURNING "id"[0m  [["title", "Qui minima quidem accusamus."], ["topic", "Quod reiciendis voluptatem. Magnam porro occaecati. Ullam tempora incidunt."], ["created_at", "2025-11-14 20:14:41.054710"], ["updated_at", "2025-11-14 20:14:41.054710"], ["user_id", 20]]
  [1m[36mTRANSACTION (2.1ms)[0m  [1m[36mcommit transaction[0m
  [1m[36mTRANSACTION (0.0ms)[0m  [1m[36mbegin transaction[0m
  [1m[36mPost Create (10.5ms)[0m  [1m[32mINSERT INTO "posts" ("title", "topic", "created_at", "updated_at", "user_id") VALUES (?, ?, ?, ?, ?) RETURNING "id"[0m  [["title", "Temporibus voluptas vero maxime."], ["topic", "Delectus veniam maiores. Maiores sapiente consequuntur. Voluptatum quidem illo."], ["created_at", "2025-11-14 20:14:41.067852"], ["updated_at", "2025-11-14 20:14:41.067852"], ["user_id", 20]]
  [1m[36mTRANSACTION (1.4ms)[0m  [1m[36mcommit transaction[0m
  [1m[36mTRANSACTION (0.0ms)[0m  [1m[36mbegin transaction[0m
  [1m[36mUser Exists? (12.0ms)[0m  [1m[34mSELECT 1 AS one FROM "users" WHERE "users"."email" = ? LIMIT ?[0m  [["email", "[FILTERED]"], ["LIMIT", 1]]
  [1m[36mUser Create (1.6ms)[0m  [1m[32mINSERT INTO "users" ("name", "email", "created_at", "updated_at", "title", "password_digest") VALUES (?, ?, ?, ?, ?, ?) RETURNING "id"[0m  [["name", "len volkman"], ["email", "[FILTERED]"], ["created_at", "2025-11-14 20:14:41.333433"], ["updated_at", "2025-11-14 20:14:41.333433"], ["title", nil], ["password_digest", "[FILTERED]"]]
  [1m[36mTRANSACTION (3.8ms)[0m  [1m[36mcommit transaction[0m
  [1m[36mTRANSACTION (0.0ms)[0m  [1m[36mbegin transaction[0m
  [1m[36mPost Create (14.1ms)[0m  [1m[32mINSERT INTO "posts" ("title", "topic", "created_at", "updated_at", "user_id") VALUES (?, ?, ?, ?, ?) RETURNING "id"[0m  [["title", "Eius aut alias quasi."], ["topic", "Dolorem sint beatae. Quia voluptas delectus. Impedit ut id."], ["created_at", "2025-11-14 20:14:41.340707"], ["updated_at", "2025-11-14 20:14:41.340707"], ["user_id", 21]]
  [1m[36mTRANSACTION (4.0ms)[0m  [1m[36mcommit transaction[0m
  [1m[36mTRANSACTION (0.0ms)[0m  [1m[36mbegin transaction[0m
  [1m[36mPost Create (14.2ms)[0m  [1m[32mINSERT INTO "posts" ("title", "topic", "created_at", "updated_at", "user_id") VALUES (?, ?, ?, ?, ?) RETURNING "id"[0m  [["title", "Velit ut dolor et."], ["topic", "Amet sed quae. Maiores placeat dicta. Id dolor et."], ["created_at", "2025-11-14 20:14:41.360548"], ["updated_at", "2025-11-14 20:14:41.360548"], ["user_id", 21]]
  [1m[36mTRANSACTION (1.9ms)[0m  [1m[36mcommit transaction[0m
  [1m[36mTRANSACTION (0.0ms)[0m  [1m[36mbegin transaction[0m
  [1m[36mPost Create (10.5ms)[0m  [1m[32mINSERT INTO "posts" ("title", "topic", "created_at", "updated_at", "user_id") VALUES (?, ?, ?, ?, ?) RETURNING "id"[0m  [["title", "Deserunt amet voluptatum non."], ["topic", "Rerum aut nemo. Quos optio enim. Necessitatibus veniam aut."], ["created_at", "2025-11-14 20:14:41.379623"], ["updated_at", "2025-11-14 20:14:41.379623"], ["user_id", 21]]
  [1m[36mTRANSACTION (4.7ms)[0m  [1m[36mcommit transaction[0m
  [1m[36mTRANSACTION (0.0ms)[0m  [1m[36mbegin transaction[0m
  [1m[36mPost Create (11.4ms)[0m  [1m[32mINSERT INTO "posts" ("title", "topic", "created_at", "updated_at", "user_id") VALUES (?, ?, ?, ?, ?) RETURNING "id"[0m  [["title", "Eaque numquam voluptas sapiente."], ["topic", "Eaque vero voluptate. Atque veniam sit. Qui dolores qui."], ["created_at", "2025-11-14 20:14:41.396409"], ["updated_at", "2025-11-14 20:14:41.396409"], ["user_id", 21]]
  [1m[36mTRANSACTION (2.3ms)[0m  [1m[36mcommit transaction[0m
  [1m[36mTRANSACTION (0.0ms)[0m  [1m[36mbegin transaction[0m
  [1m[36mPost Create (12.0ms)[0m  [1m[32mINSERT INTO "posts" ("title", "topic", "created_at", "updated_at", "user_id") VALUES (?, ?, ?, ?, ?) RETURNING "id"[0m  [["title", "Modi provident est dicta."], ["topic", "Occaecati rerum temporibus. Est iure libero. Et dolorem non."], ["created_at", "2025-11-14 20:14:41.411850"], ["updated_at", "2025-11-14 20:14:41.411850"], ["user_id", 21]]
  [1m[36mTRANSACTION (1.5ms)[0m  [1m[36mcommit transaction[0m
  [1m[36mTRANSACTION (0.0ms)[0m  [1m[36mbegin transaction[0m
  [1m[36mUser Exists? (3.2ms)[0m  [1m[34mSELECT 1 AS one FROM "users" WHERE "users"."email" = ? LIMIT ?[0m  [["email", "[FILTERED]"], ["LIMIT", 1]]
  [1m[36mUser Create (1.9ms)[0m  [1m[32mINSERT INTO "users" ("name", "email", "created_at", "updated_at", "title", "password_digest") VALUES (?, ?, ?, ?, ?, ?) RETURNING "id"[0m  [["name", "olevia luettgen"], ["email", "[FILTERED]"], ["created_at", "2025-11-14 20:14:41.689108"], ["updated_at", "2025-11-14 20:14:41.689108"], ["title", nil], ["password_digest", "[FILTERED]"]]
  [1m[36mTRANSACTION (3.1ms)[0m  [1m[36mcommit transaction[0m
  [1m[36mTRANSACTION (0.0ms)[0m  [1m[36mbegin transaction[0m
  [1m[36mPost Create (14.1ms)[0m  [1m[32mINSERT INTO "posts" ("title", "topic", "created_at", "updated_at", "user_id") VALUES (?, ?, ?, ?, ?) RETURNING "id"[0m  [["title", "Aliquid explicabo consectetur aspernatur."], ["topic", "Iusto optio omnis. Et facere ratione. Et fugiat non."], ["created_at", "2025-11-14 20:14:41.695759"], ["updated_at", "2025-11-14 20:14:41.695759"], ["user_id", 22]]
  [1m[36mTRANSACTION (3.6ms)[0m  [1m[36mcommit transaction[0m
  [1m[36mTRANSACTION (0.0ms)[0m  [1m[36mbegin transaction[0m
  [1m[36mPost Create (15.9ms)[0m  [1m[32mINSERT INTO "posts" ("title", "topic", "created_at", "updated_at", "user_id") VALUES (?, ?, ?, ?, ?) RETURNING "id"[0m  [["title", "Consequatur ea iure qui."], ["topic", "Sit sint quia. Sed ullam fugit. Ab quae ullam."], ["created_at", "2025-11-14 20:14:41.715437"], ["updated_at", "2025-11-14 20:14:41.715437"], ["user_id", 22]]
  [1m[36mTRANSACTION (1.9ms)[0m  [1m[36mcommit transaction[0m
  [1m[36mTRANSACTION (0.0ms)[0m  [1m[36mbegin transaction[0m
  [1m[36mPost Create (16.3ms)[0m  [1m[32mINSERT INTO "posts" ("title", "topic", "created_at", "updated_at", "user_id") VALUES (?, ?, ?, ?, ?) RETURNING "id"[0m  [["title", "Voluptatem temporibus quod omnis."], ["topic", "Architecto molestiae exercitationem. Tempora facilis incidunt. Adipisci enim et."], ["created_at", "2025-11-14 20:14:41.734833"], ["updated_at", "2025-11-14 20:14:41.734833"], ["user_id", 22]]
  [1m[36mTRANSACTION (5.7ms)[0m  [1m[36mcommit transaction[0m
  [1m[36mTRANSACTION (0.0ms)[0m  [1m[36mbegin transaction[0m
  [1m[36mPost Create (9.1ms)[0m  [1m[32mINSERT INTO "posts" ("title", "topic", "created_at", "updated_at", "user_id") VALUES (?, ?, ?, ?, ?) RETURNING "id"[0m  [["title", "Voluptatem sit voluptas quo."], ["topic", "Impedit dolor repudiandae. Temporibus ut harum. Eveniet hic nostrum."], ["created_at", "2025-11-14 20:14:41.758521"], ["updated_at", "2025-11-14 20:14:41.758521"], ["user_id", 22]]
  [1m[36mTRANSACTION (3.1ms)[0m  [1m[36mcommit transaction[0m
  [1m[36mTRANSACTION (0.0ms)[0m  [1m[36mbegin transaction[0m
  [1m[36mPost Create (12.7ms)[0m  [1m[32mINSERT INTO "posts" ("title", "topic", "created_at", "updated_at", "user_id") VALUES (?, ?, ?, ?, ?) RETURNING "id"[0m  [["title", "A temporibus quasi consequatur."], ["topic", "Unde at ea. Delectus sed doloremque. Et delectus necessitatibus."], ["created_at", "2025-11-14 20:14:41.772283"], ["updated_at", "2025-11-14 20:14:41.772283"], ["user_id", 22]]
  [1m[36mTRANSACTION (3.9ms)[0m  [1m[36mcommit transaction[0m
  [1m[36mTRANSACTION (0.0ms)[0m  [1m[36mbegin transaction[0m
  [1m[36mUser Exists? (7.4ms)[0m  [1m[34mSELECT 1 AS one FROM "users" WHERE "users"."email" = ? LIMIT ?[0m  [["email", "[FILTERED]"], ["LIMIT", 1]]
  [1m[36mUser Create (4.6ms)[0m  [1m[32mINSERT INTO "users" ("name", "email", "created_at", "updated_at", "title", "password_digest") VALUES (?, ?, ?, ?, ?, ?) RETURNING "id"[0m  [["name", "paul upton"], ["email", "[FILTERED]"], ["created_at", "2025-11-14 20:14:42.037105"], ["updated_at", "2025-11-14 20:14:42.037105"], ["title", nil], ["password_digest", "[FILTERED]"]]
  [1m[36mTRANSACTION (1.4ms)[0m  [1m[36mcommit transaction[0m
  [1m[36mTRANSACTION (0.0ms)[0m  [1m[36mbegin transaction[0m
  [1m[36mPost Create (14.8ms)[0m  [1m[32mINSERT INTO "posts" ("title", "topic", "created_at", "updated_at", "user_id") VALUES (?, ?, ?, ?, ?) RETURNING "id"[0m  [["title", "Ut ipsum rem deleniti."], ["topic", "Ut sapiente accusantium. Perferendis sed magni. Repudiandae ipsa odio."], ["created_at", "2025-11-14 20:14:42.044818"], ["updated_at", "2025-11-14 20:14:42.044818"], ["user_id", 23]]
  [1m[36mTRANSACTION (4.8ms)[0m  [1m[36mcommit transaction[0m
  [1m[36mTRANSACTION (0.0ms)[0m  [1m[36mbegin transaction[0m
  [1m[36mPost Create (13.2ms)[0m  [1m[32mINSERT INTO "posts" ("title", "topic", "created_at", "updated_at", "user_id") VALUES (?, ?, ?, ?, ?) RETURNING "id"[0m  [["title", "Vel aut deserunt sequi."], ["topic", "Fugiat ut nam. Totam cumque commodi. Sapiente blanditiis quo."], ["created_at", "2025-11-14 20:14:42.066053"], ["updated_at", "2025-11-14 20:14:42.066053"], ["user_id", 23]]
  [1m[36mTRANSACTION (3.6ms)[0m  [1m[36mcommit transaction[0m
  [1m[36mTRANSACTION (0.0ms)[0m  [1m[36mbegin transaction[0m
  [1m[36mPost Create (12.3ms)[0m  [1m[32mINSERT INTO "posts" ("title", "topic", "created_at", "updated_at", "user_id") VALUES (?, ?, ?, ?, ?) RETURNING "id"[0m  [["title", "Sit dolorem sed voluptatum."], ["topic", "Et recusandae vero. Quisquam est aut. Rerum qui accusantium."], ["created_at", "2025-11-14 20:14:42.084527"], ["updated_at", "2025-11-14 20:14:42.084527"], ["user_id", 23]]
  [1m[36mTRANSACTION (2.6ms)[0m  [1m[36mcommit transaction[0m
  [1m[36mTRANSACTION (0.0ms)[0m  [1m[36mbegin transaction[0m
  [1m[36mPost Create (10.8ms)[0m  [1m[32mINSERT INTO "posts" ("title", "topic", "created_at", "updated_at", "user_id") VALUES (?, ?, ?, ?, ?) RETURNING "id"[0m  [["title", "Fugit et sunt id."], ["topic", "Sed officia iusto. Dolorem placeat accusantium. Est est qui."], ["created_at", "2025-11-14 20:14:42.100943"], ["updated_at", "2025-11-14 20:14:42.100943"], ["user_id", 23]]
  [1m[36mTRANSACTION (2.2ms)[0m  [1m[36mcommit transaction[0m
  [1m[36mTRANSACTION (0.0ms)[0m  [1m[36mbegin transaction[0m
  [1m[36mPost Create (9.5ms)[0m  [1m[32mINSERT INTO "posts" ("title", "topic", "created_at", "updated_at", "user_id") VALUES (?, ?, ?, ?, ?) RETURNING "id"[0m  [["title", "Incidunt et et autem."], ["topic", "Quia eligendi quibusdam. Eligendi molestiae ducimus. Qui est ea."], ["created_at", "2025-11-14 20:14:42.115861"], ["updated_at", "2025-11-14 20:14:42.115861"], ["user_id", 23]]
  [1m[36mTRANSACTION (1.8ms)[0m  [1m[36mcommit transaction[0m
  [1m[36mTRANSACTION (0.0ms)[0m  [1m[36mbegin transaction[0m
  [1m[36mUser Exists? (4.4ms)[0m  [1m[34mSELECT 1 AS one FROM "users" WHERE "users"."email" = ? LIMIT ?[0m  [["email", "[FILTERED]"], ["LIMIT", 1]]
  [1m[36mUser Create (2.8ms)[0m  [1m[32mINSERT INTO "users" ("name", "email", "created_at", "updated_at", "title", "password_digest") VALUES (?, ?, ?, ?, ?, ?) RETURNING "id"[0m  [["name", "forest kozey"], ["email", "[FILTERED]"], ["created_at", "2025-11-14 20:14:42.402783"], ["updated_at", "2025-11-14 20:14:42.402783"], ["title", nil], ["password_digest", "[FILTERED]"]]
  [1m[36mTRANSACTION (1.9ms)[0m  [1m[36mcommit transaction[0m
  [1m[36mTRANSACTION (0.0ms)[0m  [1m[36mbegin transaction[0m
  [1m[36mPost Create (8.4ms)[0m  [1m[32mINSERT INTO "posts" ("title", "topic", "created_at", "updated_at", "user_id") VALUES (?, ?, ?, ?, ?) RETURNING "id"[0m  [["title", "Explicabo aut labore nobis."], ["topic", "Et non velit. Sed sapiente voluptatum. Modi laborum non."], ["created_at", "2025-11-14 20:14:42.410227"], ["updated_at", "2025-11-14 20:14:42.410227"], ["user_id", 24]]
  [1m[36mTRANSACTION (4.7ms)[0m  [1m[36mcommit transaction[0m
  [1m[36mTRANSACTION (0.0ms)[0m  [1m[36mbegin transaction[0m
  [1m[36mPost Create (16.7ms)[0m  [1m[32mINSERT INTO "posts" ("title", "topic", "created_at", "updated_at", "user_id") VALUES (?, ?, ?, ?, ?) RETURNING "id"[0m  [["title", "Aliquid non error neque."], ["topic", "Nam in quo. Facere aut consectetur. Recusandae vel aliquid."], ["created_at", "2025-11-14 20:14:42.424907"], ["updated_at", "2025-11-14 20:14:42.424907"], ["user_id", 24]]
  [1m[36mTRANSACTION (3.4ms)[0m  [1m[36mcommit transaction[0m
  [1m[36mTRANSACTION (0.0ms)[0m  [1m[36mbegin transaction[0m
  [1m[36mPost Create (10.2ms)[0m  [1m[32mINSERT INTO "posts" ("title", "topic", "created_at", "updated_at", "user_id") VALUES (?, ?, ?, ?, ?) RETURNING "id"[0m  [["title", "Aspernatur omnis omnis eveniet."], ["topic", "Sunt dolor sunt. Ea quidem quo. Quis laudantium vel."], ["created_at", "2025-11-14 20:14:42.447044"], ["updated_at", "2025-11-14 20:14:42.447044"], ["user_id", 24]]
  [1m[36mTRANSACTION (3.5ms)[0m  [1m[36mcommit transaction[0m
  [1m[36mTRANSACTION (0.0ms)[0m  [1m[36mbegin transaction[0m
  [1m[36mPost Create (11.0ms)[0m  [1m[32mINSERT INTO "posts" ("title", "topic", "created_at", "updated_at", "user_id") VALUES (?, ?, ?, ?, ?) RETURNING "id"[0m  [["title", "Omnis facere distinctio quia."], ["topic", "Explicabo soluta suscipit. Et omnis maiores. Amet rerum soluta."], ["created_at", "2025-11-14 20:14:42.462882"], ["updated_at", "2025-11-14 20:14:42.462882"], ["user_id", 24]]
  [1m[36mTRANSACTION (3.4ms)[0m  [1m[36mcommit transaction[0m
  [1m[36mTRANSACTION (0.0ms)[0m  [1m[36mbegin transaction[0m
  [1m[36mPost Create (16.6ms)[0m  [1m[32mINSERT INTO "posts" ("title", "topic", "created_at", "updated_at", "user_id") VALUES (?, ?, ?, ?, ?) RETURNING "id"[0m  [["title", "Laboriosam iste temporibus occaecati."], ["topic", "Et rerum quaerat. Deserunt veritatis et. Eligendi neque ducimus."], ["created_at", "2025-11-14 20:14:42.479871"], ["updated_at", "2025-11-14 20:14:42.479871"], ["user_id", 24]]
  [1m[36mTRANSACTION (3.3ms)[0m  [1m[36mcommit transaction[0m
  [1m[36mTRANSACTION (0.0ms)[0m  [1m[36mbegin transaction[0m
  [1m[36mUser Exists? (11.9ms)[0m  [1m[34mSELECT 1 AS one FROM "users" WHERE "users"."email" = ? LIMIT ?[0m  [["email", "[FILTERED]"], ["LIMIT", 1]]
  [1m[36mUser Create (2.5ms)[0m  [1m[32mINSERT INTO "users" ("name", "email", "created_at", "updated_at", "title", "password_digest") VALUES (?, ?, ?, ?, ?, ?) RETURNING "id"[0m  [["name", "buddy satterfield"], ["email", "[FILTERED]"], ["created_at", "2025-11-14 20:14:42.753993"], ["updated_at", "2025-11-14 20:14:42.753993"], ["title", nil], ["password_digest", "[FILTERED]"]]
  [1m[36mTRANSACTION (3.2ms)[0m  [1m[36mcommit transaction[0m
  [1m[36mTRANSACTION (0.0ms)[0m  [1m[36mbegin transaction[0m
  [1m[36mPost Create (11.9ms)[0m  [1m[32mINSERT INTO "posts" ("title", "topic", "created_at", "updated_at", "user_id") VALUES (?, ?, ?, ?, ?) RETURNING "id"[0m  [["title", "Porro harum et laboriosam."], ["topic", "Quas rerum assumenda. Et illo omnis. Corrupti amet rerum."], ["created_at", "2025-11-14 20:14:42.761563"], ["updated_at", "2025-11-14 20:14:42.761563"], ["user_id", 25]]
  [1m[36mTRANSACTION (2.7ms)[0m  [1m[36mcommit transaction[0m
  [1m[36mTRANSACTION (0.0ms)[0m  [1m[36mbegin transaction[0m
  [1m[36mPost Create (13.0ms)[0m  [1m[32mINSERT INTO "posts" ("title", "topic", "created_at", "updated_at", "user_id") VALUES (?, ?, ?, ?, ?) RETURNING "id"[0m  [["title", "Quia ipsa vitae deserunt."], ["topic", "Sapiente exercitationem est. Quia facere dolor. Voluptatibus mollitia dolorem."], ["created_at", "2025-11-14 20:14:42.777820"], ["updated_at", "2025-11-14 20:14:42.777820"], ["user_id", 25]]
  [1m[36mTRANSACTION (2.1ms)[0m  [1m[36mcommit transaction[0m
  [1m[36mTRANSACTION (0.0ms)[0m  [1m[36mbegin transaction[0m
  [1m[36mPost Create (13.4ms)[0m  [1m[32mINSERT INTO "posts" ("title", "topic", "created_at", "updated_at", "user_id") VALUES (?, ?, ?, ?, ?) RETURNING "id"[0m  [["title", "Eos aut quia a."], ["topic", "Ullam sit et. Minus perferendis sunt. Sunt culpa ut."], ["created_at", "2025-11-14 20:14:42.794678"], ["updated_at", "2025-11-14 20:14:42.794678"], ["user_id", 25]]
  [1m[36mTRANSACTION (2.2ms)[0m  [1m[36mcommit transaction[0m
  [1m[36mTRANSACTION (0.0ms)[0m  [1m[36mbegin transaction[0m
  [1m[36mPost Create (11.6ms)[0m  [1m[32mINSERT INTO "posts" ("title", "topic", "created_at", "updated_at", "user_id") VALUES (?, ?, ?, ?, ?) RETURNING "id"[0m  [["title", "Ut voluptatum aliquid iure."], ["topic", "Qui et nisi. Provident sequi eius. Veritatis ipsum minus."], ["created_at", "2025-11-14 20:14:42.813477"], ["updated_at", "2025-11-14 20:14:42.813477"], ["user_id", 25]]
  [1m[36mTRANSACTION (3.3ms)[0m  [1m[36mcommit transaction[0m
  [1m[36mTRANSACTION (0.0ms)[0m  [1m[36mbegin transaction[0m
  [1m[36mPost Create (11.9ms)[0m  [1m[32mINSERT INTO "posts" ("title", "topic", "created_at", "updated_at", "user_id") VALUES (?, ?, ?, ?, ?) RETURNING "id"[0m  [["title", "Praesentium cum dolorem hic."], ["topic", "Ut deleniti omnis. Vel iusto nihil. Magnam vitae rerum."], ["created_at", "2025-11-14 20:14:42.830017"], ["updated_at", "2025-11-14 20:14:42.830017"], ["user_id", 25]]
  [1m[36mTRANSACTION (4.7ms)[0m  [1m[36mcommit transaction[0m
  [1m[36mTRANSACTION (0.0ms)[0m  [1m[36mbegin transaction[0m
  [1m[36mUser Exists? (3.1ms)[0m  [1m[34mSELECT 1 AS one FROM "users" WHERE "users"."email" = ? LIMIT ?[0m  [["email", "[FILTERED]"], ["LIMIT", 1]]
  [1m[36mUser Create (2.8ms)[0m  [1m[32mINSERT INTO "users" ("name", "email", "created_at", "updated_at", "title", "password_digest") VALUES (?, ?, ?, ?, ?, ?) RETURNING "id"[0m  [["name", "leida feeney"], ["email", "[FILTERED]"], ["created_at", "2025-11-14 20:14:43.095809"], ["updated_at", "2025-11-14 20:14:43.095809"], ["title", nil], ["password_digest", "[FILTERED]"]]
  [1m[36mTRANSACTION (2.2ms)[0m  [1m[36mcommit transaction[0m
  [1m[36mTRANSACTION (0.0ms)[0m  [1m[36mbegin transaction[0m
  [1m[36mPost Create (13.3ms)[0m  [1m[32mINSERT INTO "posts" ("title", "topic", "created_at", "updated_at", "user_id") VALUES (?, ?, ?, ?, ?) RETURNING "id"[0m  [["title", "Magnam rerum qui voluptas."], ["topic", "Corrupti laborum ut. Architecto minus enim. Dicta rem ab."], ["created_at", "2025-11-14 20:14:43.103223"], ["updated_at", "2025-11-14 20:14:43.103223"], ["user_id", 26]]
  [1m[36mTRANSACTION (2.6ms)[0m  [1m[36mcommit transaction[0m
  [1m[36mTRANSACTION (0.0ms)[0m  [1m[36mbegin transaction[0m
  [1m[36mPost Create (9.1ms)[0m  [1m[32mINSERT INTO "posts" ("title", "topic", "created_at", "updated_at", "user_id") VALUES (?, ?, ?, ?, ?) RETURNING "id"[0m  [["title", "Doloremque omnis et eius."], ["topic", "Veritatis dicta odio. Aut architecto eum. Qui minima possimus."], ["created_at", "2025-11-14 20:14:43.120902"], ["updated_at", "2025-11-14 20:14:43.120902"], ["user_id", 26]]
  [1m[36mTRANSACTION (2.0ms)[0m  [1m[36mcommit transaction[0m
  [1m[36mTRANSACTION (0.0ms)[0m  [1m[36mbegin transaction[0m
  [1m[36mPost Create (10.6ms)[0m  [1m[32mINSERT INTO "posts" ("title", "topic", "created_at", "updated_at", "user_id") VALUES (?, ?, ?, ?, ?) RETURNING "id"[0m  [["title", "Amet et eveniet ullam."], ["topic", "Quis sint libero. Dolores ratione aliquid. Sunt non vitae."], ["created_at", "2025-11-14 20:14:43.134165"], ["updated_at", "2025-11-14 20:14:43.134165"], ["user_id", 26]]
  [1m[36mTRANSACTION (3.2ms)[0m  [1m[36mcommit transaction[0m
  [1m[36mTRANSACTION (0.0ms)[0m  [1m[36mbegin transaction[0m
  [1m[36mPost Create (11.5ms)[0m  [1m[32mINSERT INTO "posts" ("title", "topic", "created_at", "updated_at", "user_id") VALUES (?, ?, ?, ?, ?) RETURNING "id"[0m  [["title", "Ipsum eligendi quas ut."], ["topic", "Maiores sint voluptatem. Quos illum autem. Earum eveniet optio."], ["created_at", "2025-11-14 20:14:43.149559"], ["updated_at", "2025-11-14 20:14:43.149559"], ["user_id", 26]]
  [1m[36mTRANSACTION (1.4ms)[0m  [1m[36mcommit transaction[0m
  [1m[36mTRANSACTION (0.0ms)[0m  [1m[36mbegin transaction[0m
  [1m[36mPost Create (9.4ms)[0m  [1m[32mINSERT INTO "posts" ("title", "topic", "created_at", "updated_at", "user_id") VALUES (?, ?, ?, ?, ?) RETURNING "id"[0m  [["title", "Molestias ipsa exercitationem ut."], ["topic", "Temporibus quaerat aut. Totam illo culpa. Incidunt quisquam aut."], ["created_at", "2025-11-14 20:14:43.164318"], ["updated_at", "2025-11-14 20:14:43.164318"], ["user_id", 26]]
  [1m[36mTRANSACTION (4.8ms)[0m  [1m[36mcommit transaction[0m
  [1m[36mTRANSACTION (0.0ms)[0m  [1m[36mbegin transaction[0m
  [1m[36mUser Exists? (8.7ms)[0m  [1m[34mSELECT 1 AS one FROM "users" WHERE "users"."email" = ? LIMIT ?[0m  [["email", "[FILTERED]"], ["LIMIT", 1]]
  [1m[36mUser Create (2.9ms)[0m  [1m[32mINSERT INTO "users" ("name", "email", "created_at", "updated_at", "title", "password_digest") VALUES (?, ?, ?, ?, ?, ?) RETURNING "id"[0m  [["name", "wilbert towne"], ["email", "[FILTERED]"], ["created_at", "2025-11-14 20:14:43.427912"], ["updated_at", "2025-11-14 20:14:43.427912"], ["title", nil], ["password_digest", "[FILTERED]"]]
  [1m[36mTRANSACTION (3.4ms)[0m  [1m[36mcommit transaction[0m
  [1m[36mTRANSACTION (0.0ms)[0m  [1m[36mbegin transaction[0m
  [1m[36mPost Create (12.9ms)[0m  [1m[32mINSERT INTO "posts" ("title", "topic", "created_at", "updated_at", "user_id") VALUES (?, ?, ?, ?, ?) RETURNING "id"[0m  [["title", "Earum expedita cupiditate id."], ["topic", "Odit laudantium et. Asperiores et consequatur. Vero ratione est."], ["created_at", "2025-11-14 20:14:43.435918"], ["updated_at", "2025-11-14 20:14:43.435918"], ["user_id", 27]]
  [1m[36mTRANSACTION (2.6ms)[0m  [1m[36mcommit transaction[0m
  [1m[36mTRANSACTION (0.0ms)[0m  [1m[36mbegin transaction[0m
  [1m[36mPost Create (10.9ms)[0m  [1m[32mINSERT INTO "posts" ("title", "topic", "created_at", "updated_at", "user_id") VALUES (?, ?, ?, ?, ?) RETURNING "id"[0m  [["title", "Aperiam qui quis autem."], ["topic", "Cupiditate suscipit enim. Facilis eius vel. Maxime reiciendis velit."], ["created_at", "2025-11-14 20:14:43.453030"], ["updated_at", "2025-11-14 20:14:43.453030"], ["user_id", 27]]
  [1m[36mTRANSACTION (1.8ms)[0m  [1m[36mcommit transaction[0m
  [1m[36mTRANSACTION (0.0ms)[0m  [1m[36mbegin transaction[0m
  [1m[36mPost Create (11.3ms)[0m  [1m[32mINSERT INTO "posts" ("title", "topic", "created_at", "updated_at", "user_id") VALUES (?, ?, ?, ?, ?) RETURNING "id"[0m  [["title", "Esse nostrum odio rem."], ["topic", "Occaecati expedita velit. Tempora pariatur ipsum. Et rerum velit."], ["created_at", "2025-11-14 20:14:43.467343"], ["updated_at", "2025-11-14 20:14:43.467343"], ["user_id", 27]]
  [1m[36mTRANSACTION (2.0ms)[0m  [1m[36mcommit transaction[0m
  [1m[36mTRANSACTION (0.0ms)[0m  [1m[36mbegin transaction[0m
  [1m[36mPost Create (9.8ms)[0m  [1m[32mINSERT INTO "posts" ("title", "topic", "created_at", "updated_at", "user_id") VALUES (?, ?, ?, ?, ?) RETURNING "id"[0m  [["title", "Ut inventore similique odio."], ["topic", "Pariatur quae quod. Explicabo ex exercitationem. In labore quia."], ["created_at", "2025-11-14 20:14:43.482461"], ["updated_at", "2025-11-14 20:14:43.482461"], ["user_id", 27]]
  [1m[36mTRANSACTION (2.4ms)[0m  [1m[36mcommit transaction[0m
  [1m[36mTRANSACTION (0.0ms)[0m  [1m[36mbegin transaction[0m
  [1m[36mPost Create (14.5ms)[0m  [1m[32mINSERT INTO "posts" ("title", "topic", "created_at", "updated_at", "user_id") VALUES (?, ?, ?, ?, ?) RETURNING "id"[0m  [["title", "Earum molestiae recusandae quasi."], ["topic", "Corrupti qui fugiat. Delectus aliquid qui. Dignissimos quisquam quos."], ["created_at", "2025-11-14 20:14:43.497623"], ["updated_at", "2025-11-14 20:14:43.497623"], ["user_id", 27]]
  [1m[36mTRANSACTION (4.2ms)[0m  [1m[36mcommit transaction[0m
  [1m[36mTRANSACTION (0.0ms)[0m  [1m[36mbegin transaction[0m
  [1m[36mUser Exists? (3.8ms)[0m  [1m[34mSELECT 1 AS one FROM "users" WHERE "users"."email" = ? LIMIT ?[0m  [["email", "[FILTERED]"], ["LIMIT", 1]]
  [1m[36mUser Create (3.3ms)[0m  [1m[32mINSERT INTO "users" ("name", "email", "created_at", "updated_at", "title", "password_digest") VALUES (?, ?, ?, ?, ?, ?) RETURNING "id"[0m  [["name", "freeman satterfield"], ["email", "[FILTERED]"], ["created_at", "2025-11-14 20:14:43.785383"], ["updated_at", "2025-11-14 20:14:43.785383"], ["title", nil], ["password_digest", "[FILTERED]"]]
  [1m[36mTRANSACTION (2.1ms)[0m  [1m[36mcommit transaction[0m
  [1m[36mTRANSACTION (0.0ms)[0m  [1m[36mbegin transaction[0m
  [1m[36mPost Create (11.5ms)[0m  [1m[32mINSERT INTO "posts" ("title", "topic", "created_at", "updated_at", "user_id") VALUES (?, ?, ?, ?, ?) RETURNING "id"[0m  [["title", "Aut adipisci sunt quas."], ["topic", "Quod nihil deleniti. Numquam recusandae molestiae. Eos eos id."], ["created_at", "2025-11-14 20:14:43.793440"], ["updated_at", "2025-11-14 20:14:43.793440"], ["user_id", 28]]
  [1m[36mTRANSACTION (5.0ms)[0m  [1m[36mcommit transaction[0m
  [1m[36mTRANSACTION (0.0ms)[0m  [1m[36mbegin transaction[0m
  [1m[36mPost Create (16.5ms)[0m  [1m[32mINSERT INTO "posts" ("title", "topic", "created_at", "updated_at", "user_id") VALUES (?, ?, ?, ?, ?) RETURNING "id"[0m  [["title", "Eos distinctio eligendi occaecati."], ["topic", "Quo non a. Aut dolores eos. Laudantium molestiae alias."], ["created_at", "2025-11-14 20:14:43.812486"], ["updated_at", "2025-11-14 20:14:43.812486"], ["user_id", 28]]
  [1m[36mTRANSACTION (2.8ms)[0m  [1m[36mcommit transaction[0m
  [1m[36mTRANSACTION (0.0ms)[0m  [1m[36mbegin transaction[0m
  [1m[36mPost Create (9.8ms)[0m  [1m[32mINSERT INTO "posts" ("title", "topic", "created_at", "updated_at", "user_id") VALUES (?, ?, ?, ?, ?) RETURNING "id"[0m  [["title", "Enim et ipsa beatae."], ["topic", "Tenetur dicta numquam. Omnis beatae inventore. Similique ipsa ad."], ["created_at", "2025-11-14 20:14:43.833430"], ["updated_at", "2025-11-14 20:14:43.833430"], ["user_id", 28]]
  [1m[36mTRANSACTION (5.9ms)[0m  [1m[36mcommit transaction[0m
  [1m[36mTRANSACTION (0.0ms)[0m  [1m[36mbegin transaction[0m
  [1m[36mPost Create (8.4ms)[0m  [1m[32mINSERT INTO "posts" ("title", "topic", "created_at", "updated_at", "user_id") VALUES (?, ?, ?, ?, ?) RETURNING "id"[0m  [["title", "Fugiat saepe quo eaque."], ["topic", "Cumque est praesentium. In dolorum provident. Dolor est magni."], ["created_at", "2025-11-14 20:14:43.851235"], ["updated_at", "2025-11-14 20:14:43.851235"], ["user_id", 28]]
  [1m[36mTRANSACTION (2.6ms)[0m  [1m[36mcommit transaction[0m
  [1m[36mTRANSACTION (0.0ms)[0m  [1m[36mbegin transaction[0m
  [1m[36mPost Create (11.9ms)[0m  [1m[32mINSERT INTO "posts" ("title", "topic", "created_at", "updated_at", "user_id") VALUES (?, ?, ?, ?, ?) RETURNING "id"[0m  [["title", "Architecto eum illo dolores."], ["topic", "Nam in ex. Dolorum esse cumque. Pariatur cupiditate incidunt."], ["created_at", "2025-11-14 20:14:43.863667"], ["updated_at", "2025-11-14 20:14:43.863667"], ["user_id", 28]]
  [1m[36mTRANSACTION (3.6ms)[0m  [1m[36mcommit transaction[0m
  [1m[36mTRANSACTION (0.0ms)[0m  [1m[36mbegin transaction[0m
  [1m[36mUser Exists? (8.7ms)[0m  [1m[34mSELECT 1 AS one FROM "users" WHERE "users"."email" = ? LIMIT ?[0m  [["email", "[FILTERED]"], ["LIMIT", 1]]
  [1m[36mUser Create (3.7ms)[0m  [1m[32mINSERT INTO "users" ("name", "email", "created_at", "updated_at", "title", "password_digest") VALUES (?, ?, ?, ?, ?, ?) RETURNING "id"[0m  [["name", "antoine mraz"], ["email", "[FILTERED]"], ["created_at", "2025-11-14 20:14:44.128651"], ["updated_at", "2025-11-14 20:14:44.128651"], ["title", nil], ["password_digest", "[FILTERED]"]]
  [1m[36mTRANSACTION (3.2ms)[0m  [1m[36mcommit transaction[0m
  [1m[36mTRANSACTION (0.0ms)[0m  [1m[36mbegin transaction[0m
  [1m[36mPost Create (11.8ms)[0m  [1m[32mINSERT INTO "posts" ("title", "topic", "created_at", "updated_at", "user_id") VALUES (?, ?, ?, ?, ?) RETURNING "id"[0m  [["title", "Quo omnis ut culpa."], ["topic", "Consequatur sed velit. Voluptates soluta quidem. Cupiditate quisquam eius."], ["created_at", "2025-11-14 20:14:44.137412"], ["updated_at", "2025-11-14 20:14:44.137412"], ["user_id", 29]]
  [1m[36mTRANSACTION (1.3ms)[0m  [1m[36mcommit transaction[0m
  [1m[36mTRANSACTION (0.0ms)[0m  [1m[36mbegin transaction[0m
  [1m[36mPost Create (12.8ms)[0m  [1m[32mINSERT INTO "posts" ("title", "topic", "created_at", "updated_at", "user_id") VALUES (?, ?, ?, ?, ?) RETURNING "id"[0m  [["title", "Asperiores unde sequi quam."], ["topic", "Ut dolores omnis. Molestiae nam omnis. Quis consequatur non."], ["created_at", "2025-11-14 20:14:44.152258"], ["updated_at", "2025-11-14 20:14:44.152258"], ["user_id", 29]]
  [1m[36mTRANSACTION (1.5ms)[0m  [1m[36mcommit transaction[0m
  [1m[36mTRANSACTION (0.0ms)[0m  [1m[36mbegin transaction[0m
  [1m[36mPost Create (12.5ms)[0m  [1m[32mINSERT INTO "posts" ("title", "topic", "created_at", "updated_at", "user_id") VALUES (?, ?, ?, ?, ?) RETURNING "id"[0m  [["title", "Ea omnis exercitationem quia."], ["topic", "Voluptatum qui doloremque. Hic laboriosam laudantium. Et quidem exercitationem."], ["created_at", "2025-11-14 20:14:44.168066"], ["updated_at", "2025-11-14 20:14:44.168066"], ["user_id", 29]]
  [1m[36mTRANSACTION (2.5ms)[0m  [1m[36mcommit transaction[0m
  [1m[36mTRANSACTION (0.0ms)[0m  [1m[36mbegin transaction[0m
  [1m[36mPost Create (9.0ms)[0m  [1m[32mINSERT INTO "posts" ("title", "topic", "created_at", "updated_at", "user_id") VALUES (?, ?, ?, ?, ?) RETURNING "id"[0m  [["title", "Voluptatibus voluptatum repellat officia."], ["topic", "Et consequuntur facilis. Debitis rerum culpa. Odio vitae voluptatem."], ["created_at", "2025-11-14 20:14:44.184619"], ["updated_at", "2025-11-14 20:14:44.184619"], ["user_id", 29]]
  [1m[36mTRANSACTION (3.2ms)[0m  [1m[36mcommit transaction[0m
  [1m[36mTRANSACTION (0.0ms)[0m  [1m[36mbegin transaction[0m
  [1m[36mPost Create (12.2ms)[0m  [1m[32mINSERT INTO "posts" ("title", "topic", "created_at", "updated_at", "user_id") VALUES (?, ?, ?, ?, ?) RETURNING "id"[0m  [["title", "Voluptate quia iure excepturi."], ["topic", "Non voluptatibus culpa. Quis beatae voluptatibus. Voluptatibus vitae molestiae."], ["created_at", "2025-11-14 20:14:44.199750"], ["updated_at", "2025-11-14 20:14:44.199750"], ["user_id", 29]]
  [1m[36mTRANSACTION (5.1ms)[0m  [1m[36mcommit transaction[0m
  [1m[36mTRANSACTION (0.0ms)[0m  [1m[36mbegin transaction[0m
  [1m[36mUser Exists? (10.7ms)[0m  [1m[34mSELECT 1 AS one FROM "users" WHERE "users"."email" = ? LIMIT ?[0m  [["email", "[FILTERED]"], ["LIMIT", 1]]
  [1m[36mUser Create (4.0ms)[0m  [1m[32mINSERT INTO "users" ("name", "email", "created_at", "updated_at", "title", "password_digest") VALUES (?, ?, ?, ?, ?, ?) RETURNING "id"[0m  [["name", "freddie dooley"], ["email", "[FILTERED]"], ["created_at", "2025-11-14 20:14:44.519865"], ["updated_at", "2025-11-14 20:14:44.519865"], ["title", nil], ["password_digest", "[FILTERED]"]]
  [1m[36mTRANSACTION (2.9ms)[0m  [1m[36mcommit transaction[0m
  [1m[36mTRANSACTION (0.0ms)[0m  [1m[36mbegin transaction[0m
  [1m[36mPost Create (13.3ms)[0m  [1m[32mINSERT INTO "posts" ("title", "topic", "created_at", "updated_at", "user_id") VALUES (?, ?, ?, ?, ?) RETURNING "id"[0m  [["title", "Eligendi sed voluptas dolore."], ["topic", "Sunt aut voluptates. Ut est neque. Laborum commodi numquam."], ["created_at", "2025-11-14 20:14:44.529965"], ["updated_at", "2025-11-14 20:14:44.529965"], ["user_id", 30]]
  [1m[36mTRANSACTION (2.6ms)[0m  [1m[36mcommit transaction[0m
  [1m[36mTRANSACTION (0.0ms)[0m  [1m[36mbegin transaction[0m
  [1m[36mPost Create (9.6ms)[0m  [1m[32mINSERT INTO "posts" ("title", "topic", "created_at", "updated_at", "user_id") VALUES (?, ?, ?, ?, ?) RETURNING "id"[0m  [["title", "Et eum illo velit."], ["topic", "Autem et non. Perferendis consectetur sint. Quisquam rem molestiae."], ["created_at", "2025-11-14 20:14:44.548015"], ["updated_at", "2025-11-14 20:14:44.548015"], ["user_id", 30]]
  [1m[36mTRANSACTION (3.5ms)[0m  [1m[36mcommit transaction[0m
  [1m[36mTRANSACTION (0.0ms)[0m  [1m[36mbegin transaction[0m
  [1m[36mPost Create (9.7ms)[0m  [1m[32mINSERT INTO "posts" ("title", "topic", "created_at", "updated_at", "user_id") VALUES (?, ?, ?, ?, ?) RETURNING "id"[0m  [["title", "Qui aut ut sunt."], ["topic", "Ullam fuga est. Voluptas qui eveniet. Accusamus quod magni."], ["created_at", "2025-11-14 20:14:44.562699"], ["updated_at", "2025-11-14 20:14:44.562699"], ["user_id", 30]]
  [1m[36mTRANSACTION (4.7ms)[0m  [1m[36mcommit transaction[0m
  [1m[36mTRANSACTION (0.0ms)[0m  [1m[36mbegin transaction[0m
  [1m[36mPost Create (8.4ms)[0m  [1m[32mINSERT INTO "posts" ("title", "topic", "created_at", "updated_at", "user_id") VALUES (?, ?, ?, ?, ?) RETURNING "id"[0m  [["title", "Non sit eos neque."], ["topic", "Rerum reiciendis natus. Maxime officia ullam. Et quo voluptatem."], ["created_at", "2025-11-14 20:14:44.578999"], ["updated_at", "2025-11-14 20:14:44.578999"], ["user_id", 30]]
  [1m[36mTRANSACTION (3.1ms)[0m  [1m[36mcommit transaction[0m
  [1m[36mTRANSACTION (0.0ms)[0m  [1m[36mbegin transaction[0m
  [1m[36mPost Create (13.3ms)[0m  [1m[32mINSERT INTO "posts" ("title", "topic", "created_at", "updated_at", "user_id") VALUES (?, ?, ?, ?, ?) RETURNING "id"[0m  [["title", "Aliquam ut quidem quo."], ["topic", "Accusantium vitae quaerat. Aliquam totam ut. Dolorem expedita cum."], ["created_at", "2025-11-14 20:14:44.592153"], ["updated_at", "2025-11-14 20:14:44.592153"], ["user_id", 30]]
  [1m[36mTRANSACTION (2.5ms)[0m  [1m[36mcommit transaction[0m
Started GET "/home" for 127.0.0.1 at 2025-11-14 15:18:36 -0500
  [1m[36mActiveRecord::SchemaMigration Load (6.8ms)[0m  [1m[34mSELECT "schema_migrations"."version" FROM "schema_migrations" ORDER BY "schema_migrations"."version" ASC[0m
Processing by StaticPagesController#home as HTML
  Rendering layout layouts/application.html.erb
  Rendering static_pages/home.html.erb within layouts/application
  Rendered static_pages/home.html.erb within layouts/application (Duration: 2.4ms | GC: 0.0ms)
  Rendered layouts/partials/_header.erb (Duration: 1.1ms | GC: 0.0ms)
  Rendered layouts/partials/_footer.erb (Duration: 3.6ms | GC: 0.0ms)
  Rendered layout layouts/application.html.erb (Duration: 244.1ms | GC: 77.3ms)
Completed 200 OK in 1351ms (Views: 278.3ms | ActiveRecord: 0.0ms (0 queries, 0 cached) | GC: 137.6ms)


Started GET "/help" for 127.0.0.1 at 2025-11-14 15:19:13 -0500
Processing by StaticPagesController#help as HTML
  Rendering layout layouts/application.html.erb
  Rendering static_pages/help.html.erb within layouts/application
  Rendered static_pages/help.html.erb within layouts/application (Duration: 3.6ms | GC: 0.0ms)
  Rendered layouts/partials/_header.erb (Duration: 0.9ms | GC: 0.0ms)
  Rendered layouts/partials/_footer.erb (Duration: 0.2ms | GC: 0.0ms)
  Rendered layout layouts/application.html.erb (Duration: 81.5ms | GC: 0.0ms)
Completed 200 OK in 87ms (Views: 82.9ms | ActiveRecord: 0.0ms (0 queries, 0 cached) | GC: 0.0ms)


Started GET "/about" for 127.0.0.1 at 2025-11-14 15:19:14 -0500
Processing by StaticPagesController#about as HTML
  Rendering layout layouts/application.html.erb
  Rendering static_pages/about.html.erb within layouts/application
  Rendered static_pages/about.html.erb within layouts/application (Duration: 3.2ms | GC: 0.0ms)
  Rendered layouts/partials/_header.erb (Duration: 1.2ms | GC: 0.0ms)
  Rendered layouts/partials/_footer.erb (Duration: 0.4ms | GC: 0.0ms)
  Rendered layout layouts/application.html.erb (Duration: 17.1ms | GC: 0.0ms)
Completed 200 OK in 27ms (Views: 18.4ms | ActiveRecord: 0.0ms (0 queries, 0 cached) | GC: 0.0ms)


Started GET "/aaron" for 127.0.0.1 at 2025-11-14 15:19:15 -0500
Processing by StaticPagesController#aaron as HTML
  Rendering layout layouts/application.html.erb
  Rendering static_pages/aaron.html.erb within layouts/application
  Rendered static_pages/aaron.html.erb within layouts/application (Duration: 1.5ms | GC: 0.0ms)
  Rendered layouts/partials/_header.erb (Duration: 0.9ms | GC: 0.0ms)
  Rendered layouts/partials/_footer.erb (Duration: 0.1ms | GC: 0.0ms)
  Rendered layout layouts/application.html.erb (Duration: 10.1ms | GC: 0.0ms)
Completed 200 OK in 14ms (Views: 12.3ms | ActiveRecord: 0.0ms (0 queries, 0 cached) | GC: 0.0ms)


Started GET "/users/new" for 127.0.0.1 at 2025-11-14 15:19:18 -0500
Processing by UsersController#new as HTML
  Rendering layout layouts/application.html.erb
  Rendering users/new.html.erb within layouts/application
  Rendered users/new.html.erb within layouts/application (Duration: 3.0ms | GC: 0.0ms)
  Rendered layouts/partials/_header.erb (Duration: 0.5ms | GC: 0.0ms)
  Rendered layouts/partials/_footer.erb (Duration: 0.9ms | GC: 0.0ms)
  Rendered layout layouts/application.html.erb (Duration: 12.3ms | GC: 0.0ms)
Completed 200 OK in 26ms (Views: 18.5ms | ActiveRecord: 0.0ms (0 queries, 0 cached) | GC: 0.0ms)


Started GET "/users/new" for 127.0.0.1 at 2025-11-14 15:20:59 -0500
Processing by UsersController#new as HTML
  Rendering layout layouts/application.html.erb
  Rendering users/new.html.erb within layouts/application
  Rendered users/new.html.erb within layouts/application (Duration: 4.7ms | GC: 0.0ms)
  Rendered layouts/partials/_header.erb (Duration: 9.2ms | GC: 0.0ms)
  Rendered layouts/partials/_footer.erb (Duration: 1.5ms | GC: 0.0ms)
  Rendered layout layouts/application.html.erb (Duration: 35.3ms | GC: 0.0ms)
Completed 200 OK in 55ms (Views: 45.0ms | ActiveRecord: 0.0ms (0 queries, 0 cached) | GC: 0.0ms)


Started GET "/users" for 127.0.0.1 at 2025-11-14 15:21:02 -0500
  
AbstractController::ActionNotFound (The action 'index' could not be found for UsersController):
  
actionpack (7.2.2.2) lib/abstract_controller/base.rb:158:in `process'
actionview (7.2.2.2) lib/action_view/rendering.rb:40:in `process'
actionpack (7.2.2.2) lib/action_controller/metal.rb:252:in `dispatch'
actionpack (7.2.2.2) lib/action_controller/metal.rb:335:in `dispatch'
actionpack (7.2.2.2) lib/action_dispatch/routing/route_set.rb:67:in `dispatch'
actionpack (7.2.2.2) lib/action_dispatch/routing/route_set.rb:50:in `serve'
actionpack (7.2.2.2) lib/action_dispatch/journey/router.rb:53:in `block in serve'
actionpack (7.2.2.2) lib/action_dispatch/journey/router.rb:133:in `block in find_routes'
actionpack (7.2.2.2) lib/action_dispatch/journey/router.rb:126:in `each'
actionpack (7.2.2.2) lib/action_dispatch/journey/router.rb:126:in `find_routes'
actionpack (7.2.2.2) lib/action_dispatch/journey/router.rb:34:in `serve'
actionpack (7.2.2.2) lib/action_dispatch/routing/route_set.rb:896:in `call'
rack (3.1.16) lib/rack/tempfile_reaper.rb:20:in `call'
rack (3.1.16) lib/rack/etag.rb:29:in `call'
rack (3.1.16) lib/rack/conditional_get.rb:31:in `call'
rack (3.1.16) lib/rack/head.rb:15:in `call'
actionpack (7.2.2.2) lib/action_dispatch/http/permissions_policy.rb:38:in `call'
actionpack (7.2.2.2) lib/action_dispatch/http/content_security_policy.rb:38:in `call'
rack-session (2.1.1) lib/rack/session/abstract/id.rb:274:in `context'
rack-session (2.1.1) lib/rack/session/abstract/id.rb:268:in `call'
actionpack (7.2.2.2) lib/action_dispatch/middleware/cookies.rb:704:in `call'
activerecord (7.2.2.2) lib/active_record/migration.rb:674:in `call'
actionpack (7.2.2.2) lib/action_dispatch/middleware/callbacks.rb:31:in `block in call'
activesupport (7.2.2.2) lib/active_support/callbacks.rb:101:in `run_callbacks'
actionpack (7.2.2.2) lib/action_dispatch/middleware/callbacks.rb:30:in `call'
actionpack (7.2.2.2) lib/action_dispatch/middleware/executor.rb:16:in `call'
actionpack (7.2.2.2) lib/action_dispatch/middleware/actionable_exceptions.rb:18:in `call'
actionpack (7.2.2.2) lib/action_dispatch/middleware/debug_exceptions.rb:31:in `call'
web-console (4.2.1) lib/web_console/middleware.rb:132:in `call_app'
web-console (4.2.1) lib/web_console/middleware.rb:28:in `block in call'
web-console (4.2.1) lib/web_console/middleware.rb:17:in `catch'
web-console (4.2.1) lib/web_console/middleware.rb:17:in `call'
actionpack (7.2.2.2) lib/action_dispatch/middleware/show_exceptions.rb:32:in `call'
railties (7.2.2.2) lib/rails/rack/logger.rb:41:in `call_app'
railties (7.2.2.2) lib/rails/rack/logger.rb:29:in `call'
sprockets-rails (3.5.2) lib/sprockets/rails/quiet_assets.rb:17:in `call'
actionpack (7.2.2.2) lib/action_dispatch/middleware/remote_ip.rb:96:in `call'
actionpack (7.2.2.2) lib/action_dispatch/middleware/request_id.rb:33:in `call'
rack (3.1.16) lib/rack/method_override.rb:28:in `call'
rack (3.1.16) lib/rack/runtime.rb:24:in `call'
activesupport (7.2.2.2) lib/active_support/cache/strategy/local_cache_middleware.rb:29:in `call'
actionpack (7.2.2.2) lib/action_dispatch/middleware/server_timing.rb:61:in `block in call'
actionpack (7.2.2.2) lib/action_dispatch/middleware/server_timing.rb:26:in `collect_events'
actionpack (7.2.2.2) lib/action_dispatch/middleware/server_timing.rb:60:in `call'
actionpack (7.2.2.2) lib/action_dispatch/middleware/executor.rb:16:in `call'
actionpack (7.2.2.2) lib/action_dispatch/middleware/static.rb:27:in `call'
rack (3.1.16) lib/rack/sendfile.rb:114:in `call'
actionpack (7.2.2.2) lib/action_dispatch/middleware/host_authorization.rb:143:in `call'
railties (7.2.2.2) lib/rails/engine.rb:535:in `call'
puma (7.1.0) lib/puma/configuration.rb:300:in `call'
puma (7.1.0) lib/puma/request.rb:101:in `block in handle_request'
puma (7.1.0) lib/puma/thread_pool.rb:355:in `with_force_shutdown'
puma (7.1.0) lib/puma/request.rb:100:in `handle_request'
puma (7.1.0) lib/puma/server.rb:503:in `process_client'
puma (7.1.0) lib/puma/server.rb:262:in `block in run'
puma (7.1.0) lib/puma/thread_pool.rb:182:in `block in spawn_thread'
Started GET "/favicon.ico" for 127.0.0.1 at 2025-11-14 15:21:03 -0500
  
ActionController::RoutingError (No route matches [GET] "/favicon.ico"):
  
Started GET "/users" for 127.0.0.1 at 2025-11-14 15:21:30 -0500
Processing by UsersController#index as HTML
Completed 406 Not Acceptable in 4ms (ActiveRecord: 0.0ms (0 queries, 0 cached) | GC: 0.0ms)


  
ActionController::MissingExactTemplate (UsersController#index is missing a template for request formats: text/html):
  
actionpack (7.2.2.2) lib/action_controller/metal/implicit_render.rb:49:in `default_render'
actionpack (7.2.2.2) lib/action_controller/metal/basic_implicit_render.rb:9:in `send_action'
actionpack (7.2.2.2) lib/abstract_controller/base.rb:226:in `process_action'
actionpack (7.2.2.2) lib/action_controller/metal/rendering.rb:193:in `process_action'
actionpack (7.2.2.2) lib/abstract_controller/callbacks.rb:261:in `block in process_action'
activesupport (7.2.2.2) lib/active_support/callbacks.rb:121:in `block in run_callbacks'
turbo-rails (2.0.16) lib/turbo-rails.rb:24:in `with_request_id'
turbo-rails (2.0.16) app/controllers/concerns/turbo/request_id_tracking.rb:10:in `turbo_tracking_request_id'
activesupport (7.2.2.2) lib/active_support/callbacks.rb:130:in `block in run_callbacks'
actiontext (7.2.2.2) lib/action_text/rendering.rb:25:in `with_renderer'
actiontext (7.2.2.2) lib/action_text/engine.rb:71:in `block (4 levels) in <class:Engine>'
activesupport (7.2.2.2) lib/active_support/callbacks.rb:130:in `instance_exec'
activesupport (7.2.2.2) lib/active_support/callbacks.rb:130:in `block in run_callbacks'
activesupport (7.2.2.2) lib/active_support/callbacks.rb:141:in `run_callbacks'
actionpack (7.2.2.2) lib/abstract_controller/callbacks.rb:260:in `process_action'
actionpack (7.2.2.2) lib/action_controller/metal/rescue.rb:27:in `process_action'
actionpack (7.2.2.2) lib/action_controller/metal/instrumentation.rb:77:in `block in process_action'
activesupport (7.2.2.2) lib/active_support/notifications.rb:210:in `block in instrument'
activesupport (7.2.2.2) lib/active_support/notifications/instrumenter.rb:58:in `instrument'
activesupport (7.2.2.2) lib/active_support/notifications.rb:210:in `instrument'
actionpack (7.2.2.2) lib/action_controller/metal/instrumentation.rb:76:in `process_action'
actionpack (7.2.2.2) lib/action_controller/metal/params_wrapper.rb:259:in `process_action'
activerecord (7.2.2.2) lib/active_record/railties/controller_runtime.rb:39:in `process_action'
actionpack (7.2.2.2) lib/abstract_controller/base.rb:163:in `process'
actionview (7.2.2.2) lib/action_view/rendering.rb:40:in `process'
actionpack (7.2.2.2) lib/action_controller/metal.rb:252:in `dispatch'
actionpack (7.2.2.2) lib/action_controller/metal.rb:335:in `dispatch'
actionpack (7.2.2.2) lib/action_dispatch/routing/route_set.rb:67:in `dispatch'
actionpack (7.2.2.2) lib/action_dispatch/routing/route_set.rb:50:in `serve'
actionpack (7.2.2.2) lib/action_dispatch/journey/router.rb:53:in `block in serve'
actionpack (7.2.2.2) lib/action_dispatch/journey/router.rb:133:in `block in find_routes'
actionpack (7.2.2.2) lib/action_dispatch/journey/router.rb:126:in `each'
actionpack (7.2.2.2) lib/action_dispatch/journey/router.rb:126:in `find_routes'
actionpack (7.2.2.2) lib/action_dispatch/journey/router.rb:34:in `serve'
actionpack (7.2.2.2) lib/action_dispatch/routing/route_set.rb:896:in `call'
rack (3.1.16) lib/rack/tempfile_reaper.rb:20:in `call'
rack (3.1.16) lib/rack/etag.rb:29:in `call'
rack (3.1.16) lib/rack/conditional_get.rb:31:in `call'
rack (3.1.16) lib/rack/head.rb:15:in `call'
actionpack (7.2.2.2) lib/action_dispatch/http/permissions_policy.rb:38:in `call'
actionpack (7.2.2.2) lib/action_dispatch/http/content_security_policy.rb:38:in `call'
rack-session (2.1.1) lib/rack/session/abstract/id.rb:274:in `context'
rack-session (2.1.1) lib/rack/session/abstract/id.rb:268:in `call'
actionpack (7.2.2.2) lib/action_dispatch/middleware/cookies.rb:704:in `call'
activerecord (7.2.2.2) lib/active_record/migration.rb:674:in `call'
actionpack (7.2.2.2) lib/action_dispatch/middleware/callbacks.rb:31:in `block in call'
activesupport (7.2.2.2) lib/active_support/callbacks.rb:101:in `run_callbacks'
actionpack (7.2.2.2) lib/action_dispatch/middleware/callbacks.rb:30:in `call'
actionpack (7.2.2.2) lib/action_dispatch/middleware/executor.rb:16:in `call'
actionpack (7.2.2.2) lib/action_dispatch/middleware/actionable_exceptions.rb:18:in `call'
actionpack (7.2.2.2) lib/action_dispatch/middleware/debug_exceptions.rb:31:in `call'
web-console (4.2.1) lib/web_console/middleware.rb:132:in `call_app'
web-console (4.2.1) lib/web_console/middleware.rb:28:in `block in call'
web-console (4.2.1) lib/web_console/middleware.rb:17:in `catch'
web-console (4.2.1) lib/web_console/middleware.rb:17:in `call'
actionpack (7.2.2.2) lib/action_dispatch/middleware/show_exceptions.rb:32:in `call'
railties (7.2.2.2) lib/rails/rack/logger.rb:41:in `call_app'
railties (7.2.2.2) lib/rails/rack/logger.rb:29:in `call'
sprockets-rails (3.5.2) lib/sprockets/rails/quiet_assets.rb:17:in `call'
actionpack (7.2.2.2) lib/action_dispatch/middleware/remote_ip.rb:96:in `call'
actionpack (7.2.2.2) lib/action_dispatch/middleware/request_id.rb:33:in `call'
rack (3.1.16) lib/rack/method_override.rb:28:in `call'
rack (3.1.16) lib/rack/runtime.rb:24:in `call'
activesupport (7.2.2.2) lib/active_support/cache/strategy/local_cache_middleware.rb:29:in `call'
actionpack (7.2.2.2) lib/action_dispatch/middleware/server_timing.rb:61:in `block in call'
actionpack (7.2.2.2) lib/action_dispatch/middleware/server_timing.rb:26:in `collect_events'
actionpack (7.2.2.2) lib/action_dispatch/middleware/server_timing.rb:60:in `call'
actionpack (7.2.2.2) lib/action_dispatch/middleware/executor.rb:16:in `call'
actionpack (7.2.2.2) lib/action_dispatch/middleware/static.rb:27:in `call'
rack (3.1.16) lib/rack/sendfile.rb:114:in `call'
actionpack (7.2.2.2) lib/action_dispatch/middleware/host_authorization.rb:143:in `call'
railties (7.2.2.2) lib/rails/engine.rb:535:in `call'
puma (7.1.0) lib/puma/configuration.rb:300:in `call'
puma (7.1.0) lib/puma/request.rb:101:in `block in handle_request'
puma (7.1.0) lib/puma/thread_pool.rb:355:in `with_force_shutdown'
puma (7.1.0) lib/puma/request.rb:100:in `handle_request'
puma (7.1.0) lib/puma/server.rb:503:in `process_client'
puma (7.1.0) lib/puma/server.rb:262:in `block in run'
puma (7.1.0) lib/puma/thread_pool.rb:182:in `block in spawn_thread'
Started GET "/users" for 127.0.0.1 at 2025-11-14 15:22:33 -0500
Processing by UsersController#index as HTML
Completed 406 Not Acceptable in 4ms (ActiveRecord: 0.0ms (0 queries, 0 cached) | GC: 0.0ms)


  
ActionController::MissingExactTemplate (UsersController#index is missing a template for request formats: text/html):
  
actionpack (7.2.2.2) lib/action_controller/metal/implicit_render.rb:49:in `default_render'
actionpack (7.2.2.2) lib/action_controller/metal/basic_implicit_render.rb:9:in `send_action'
actionpack (7.2.2.2) lib/abstract_controller/base.rb:226:in `process_action'
actionpack (7.2.2.2) lib/action_controller/metal/rendering.rb:193:in `process_action'
actionpack (7.2.2.2) lib/abstract_controller/callbacks.rb:261:in `block in process_action'
activesupport (7.2.2.2) lib/active_support/callbacks.rb:121:in `block in run_callbacks'
turbo-rails (2.0.16) lib/turbo-rails.rb:24:in `with_request_id'
turbo-rails (2.0.16) app/controllers/concerns/turbo/request_id_tracking.rb:10:in `turbo_tracking_request_id'
activesupport (7.2.2.2) lib/active_support/callbacks.rb:130:in `block in run_callbacks'
actiontext (7.2.2.2) lib/action_text/rendering.rb:25:in `with_renderer'
actiontext (7.2.2.2) lib/action_text/engine.rb:71:in `block (4 levels) in <class:Engine>'
activesupport (7.2.2.2) lib/active_support/callbacks.rb:130:in `instance_exec'
activesupport (7.2.2.2) lib/active_support/callbacks.rb:130:in `block in run_callbacks'
activesupport (7.2.2.2) lib/active_support/callbacks.rb:141:in `run_callbacks'
actionpack (7.2.2.2) lib/abstract_controller/callbacks.rb:260:in `process_action'
actionpack (7.2.2.2) lib/action_controller/metal/rescue.rb:27:in `process_action'
actionpack (7.2.2.2) lib/action_controller/metal/instrumentation.rb:77:in `block in process_action'
activesupport (7.2.2.2) lib/active_support/notifications.rb:210:in `block in instrument'
activesupport (7.2.2.2) lib/active_support/notifications/instrumenter.rb:58:in `instrument'
activesupport (7.2.2.2) lib/active_support/notifications.rb:210:in `instrument'
actionpack (7.2.2.2) lib/action_controller/metal/instrumentation.rb:76:in `process_action'
actionpack (7.2.2.2) lib/action_controller/metal/params_wrapper.rb:259:in `process_action'
activerecord (7.2.2.2) lib/active_record/railties/controller_runtime.rb:39:in `process_action'
actionpack (7.2.2.2) lib/abstract_controller/base.rb:163:in `process'
actionview (7.2.2.2) lib/action_view/rendering.rb:40:in `process'
actionpack (7.2.2.2) lib/action_controller/metal.rb:252:in `dispatch'
actionpack (7.2.2.2) lib/action_controller/metal.rb:335:in `dispatch'
actionpack (7.2.2.2) lib/action_dispatch/routing/route_set.rb:67:in `dispatch'
actionpack (7.2.2.2) lib/action_dispatch/routing/route_set.rb:50:in `serve'
actionpack (7.2.2.2) lib/action_dispatch/journey/router.rb:53:in `block in serve'
actionpack (7.2.2.2) lib/action_dispatch/journey/router.rb:133:in `block in find_routes'
actionpack (7.2.2.2) lib/action_dispatch/journey/router.rb:126:in `each'
actionpack (7.2.2.2) lib/action_dispatch/journey/router.rb:126:in `find_routes'
actionpack (7.2.2.2) lib/action_dispatch/journey/router.rb:34:in `serve'
actionpack (7.2.2.2) lib/action_dispatch/routing/route_set.rb:896:in `call'
rack (3.1.16) lib/rack/tempfile_reaper.rb:20:in `call'
rack (3.1.16) lib/rack/etag.rb:29:in `call'
rack (3.1.16) lib/rack/conditional_get.rb:31:in `call'
rack (3.1.16) lib/rack/head.rb:15:in `call'
actionpack (7.2.2.2) lib/action_dispatch/http/permissions_policy.rb:38:in `call'
actionpack (7.2.2.2) lib/action_dispatch/http/content_security_policy.rb:38:in `call'
rack-session (2.1.1) lib/rack/session/abstract/id.rb:274:in `context'
rack-session (2.1.1) lib/rack/session/abstract/id.rb:268:in `call'
actionpack (7.2.2.2) lib/action_dispatch/middleware/cookies.rb:704:in `call'
activerecord (7.2.2.2) lib/active_record/migration.rb:674:in `call'
actionpack (7.2.2.2) lib/action_dispatch/middleware/callbacks.rb:31:in `block in call'
activesupport (7.2.2.2) lib/active_support/callbacks.rb:101:in `run_callbacks'
actionpack (7.2.2.2) lib/action_dispatch/middleware/callbacks.rb:30:in `call'
actionpack (7.2.2.2) lib/action_dispatch/middleware/executor.rb:16:in `call'
actionpack (7.2.2.2) lib/action_dispatch/middleware/actionable_exceptions.rb:18:in `call'
actionpack (7.2.2.2) lib/action_dispatch/middleware/debug_exceptions.rb:31:in `call'
web-console (4.2.1) lib/web_console/middleware.rb:132:in `call_app'
web-console (4.2.1) lib/web_console/middleware.rb:28:in `block in call'
web-console (4.2.1) lib/web_console/middleware.rb:17:in `catch'
web-console (4.2.1) lib/web_console/middleware.rb:17:in `call'
actionpack (7.2.2.2) lib/action_dispatch/middleware/show_exceptions.rb:32:in `call'
railties (7.2.2.2) lib/rails/rack/logger.rb:41:in `call_app'
railties (7.2.2.2) lib/rails/rack/logger.rb:29:in `call'
sprockets-rails (3.5.2) lib/sprockets/rails/quiet_assets.rb:17:in `call'
actionpack (7.2.2.2) lib/action_dispatch/middleware/remote_ip.rb:96:in `call'
actionpack (7.2.2.2) lib/action_dispatch/middleware/request_id.rb:33:in `call'
rack (3.1.16) lib/rack/method_override.rb:28:in `call'
rack (3.1.16) lib/rack/runtime.rb:24:in `call'
activesupport (7.2.2.2) lib/active_support/cache/strategy/local_cache_middleware.rb:29:in `call'
actionpack (7.2.2.2) lib/action_dispatch/middleware/server_timing.rb:61:in `block in call'
actionpack (7.2.2.2) lib/action_dispatch/middleware/server_timing.rb:26:in `collect_events'
actionpack (7.2.2.2) lib/action_dispatch/middleware/server_timing.rb:60:in `call'
actionpack (7.2.2.2) lib/action_dispatch/middleware/executor.rb:16:in `call'
actionpack (7.2.2.2) lib/action_dispatch/middleware/static.rb:27:in `call'
rack (3.1.16) lib/rack/sendfile.rb:114:in `call'
actionpack (7.2.2.2) lib/action_dispatch/middleware/host_authorization.rb:143:in `call'
railties (7.2.2.2) lib/rails/engine.rb:535:in `call'
puma (7.1.0) lib/puma/configuration.rb:300:in `call'
puma (7.1.0) lib/puma/request.rb:101:in `block in handle_request'
puma (7.1.0) lib/puma/thread_pool.rb:355:in `with_force_shutdown'
puma (7.1.0) lib/puma/request.rb:100:in `handle_request'
puma (7.1.0) lib/puma/server.rb:503:in `process_client'
puma (7.1.0) lib/puma/server.rb:262:in `block in run'
puma (7.1.0) lib/puma/thread_pool.rb:182:in `block in spawn_thread'
Started GET "/users" for 127.0.0.1 at 2025-11-14 15:22:57 -0500
Processing by UsersController#index as HTML
  Rendering layout layouts/application.html.erb
  Rendering users/index.html.erb within layouts/application
  Rendered users/index.html.erb within layouts/application (Duration: 2.7ms | GC: 0.0ms)
  Rendered layouts/partials/_header.erb (Duration: 5.2ms | GC: 0.0ms)
  Rendered layouts/partials/_footer.erb (Duration: 0.8ms | GC: 0.0ms)
  Rendered layout layouts/application.html.erb (Duration: 34.4ms | GC: 0.0ms)
Completed 200 OK in 49ms (Views: 43.1ms | ActiveRecord: 0.0ms (0 queries, 0 cached) | GC: 2.2ms)


  [1m[36mUser Load (64.9ms)[0m  [1m[34mSELECT "users".* FROM "users" /* loading for pp */ LIMIT ?[0m  [["LIMIT", 11]]
Started GET "/users" for 127.0.0.1 at 2025-11-14 15:26:19 -0500
Processing by UsersController#index as HTML
  Rendering layout layouts/application.html.erb
  Rendering users/index.html.erb within layouts/application
  Rendered users/index.html.erb within layouts/application (Duration: 1.9ms | GC: 0.0ms)
  Rendered layouts/partials/_header.erb (Duration: 3.0ms | GC: 0.0ms)
  Rendered layouts/partials/_footer.erb (Duration: 0.6ms | GC: 0.0ms)
  Rendered layout layouts/application.html.erb (Duration: 33.3ms | GC: 0.3ms)
Completed 200 OK in 138ms (Views: 39.0ms | ActiveRecord: 0.0ms (0 queries, 0 cached) | GC: 0.7ms)


Started GET "/users" for 127.0.0.1 at 2025-11-14 15:34:15 -0500
Processing by UsersController#index as HTML
  Rendering layout layouts/application.html.erb
  Rendering users/index.html.erb within layouts/application
  Rendered users/index.html.erb within layouts/application (Duration: 1.6ms | GC: 0.0ms)
  Rendered layout layouts/application.html.erb (Duration: 1.9ms | GC: 0.0ms)
Completed 500 Internal Server Error in 26ms (ActiveRecord: 0.0ms (0 queries, 0 cached) | GC: 0.0ms)


  
ActionView::Template::Error (undefined method `each' for nil):

Causes:
NoMethodError (undefined method `each' for nil)
    13:     </tr>
    14: </thead>
    15: <tbody>
    16: <%@user.each do|user|%>
    17:     <tr>
    18:         <td><%=user.id%></td>
    19:         <td>name</td>
  
app/views/users/index.html.erb:16
Started GET "/users" for 127.0.0.1 at 2025-11-14 15:35:32 -0500
Processing by UsersController#index as HTML
  Rendering layout layouts/application.html.erb
  Rendering users/index.html.erb within layouts/application
  [1m[36mUser Load (165.0ms)[0m  [1m[34mSELECT "users".* FROM "users"[0m
  ↳ app/views/users/index.html.erb:14
  Rendered users/index.html.erb within layouts/application (Duration: 238.6ms | GC: 0.3ms)
  Rendered layouts/partials/_header.erb (Duration: 2.6ms | GC: 0.0ms)
  Rendered layouts/partials/_footer.erb (Duration: 0.6ms | GC: 0.0ms)
  Rendered layout layouts/application.html.erb (Duration: 263.7ms | GC: 0.6ms)
Completed 200 OK in 295ms (Views: -70.3ms | ActiveRecord: 342.4ms (1 query, 0 cached) | GC: 1.1ms)


Started GET "/users" for 127.0.0.1 at 2025-11-14 15:37:17 -0500
Processing by UsersController#index as HTML
  Rendering layout layouts/application.html.erb
  Rendering users/index.html.erb within layouts/application
  [1m[36mUser Load (63.1ms)[0m  [1m[34mSELECT "users".* FROM "users"[0m
  ↳ app/views/users/index.html.erb:14
  Rendered users/index.html.erb within layouts/application (Duration: 112.0ms | GC: 1.2ms)
  Rendered layouts/partials/_header.erb (Duration: 3.2ms | GC: 0.0ms)
  Rendered layouts/partials/_footer.erb (Duration: 1.0ms | GC: 0.0ms)
  Rendered layout layouts/application.html.erb (Duration: 666.3ms | GC: 1.2ms)
Completed 200 OK in 688ms (Views: 585.5ms | ActiveRecord: 84.9ms (1 query, 0 cached) | GC: 1.2ms)


Started GET "/users" for 127.0.0.1 at 2025-11-14 15:40:43 -0500
Processing by UsersController#index as HTML
  Rendering layout layouts/application.html.erb
  Rendering users/index.html.erb within layouts/application
  [1m[36mUser Load (56.8ms)[0m  [1m[34mSELECT "users".* FROM "users"[0m
  ↳ app/views/users/index.html.erb:16
  Rendered users/index.html.erb within layouts/application (Duration: 93.3ms | GC: 0.2ms)
  Rendered layouts/partials/_header.erb (Duration: 3.3ms | GC: 0.0ms)
  Rendered layouts/partials/_footer.erb (Duration: 1.2ms | GC: 0.0ms)
  Rendered layout layouts/application.html.erb (Duration: 119.5ms | GC: 0.3ms)
Completed 200 OK in 147ms (Views: 52.1ms | ActiveRecord: 73.1ms (1 query, 0 cached) | GC: 0.3ms)


Started GET "/users/2" for 127.0.0.1 at 2025-11-14 15:40:52 -0500
  
ActionController::RoutingError (No route matches [GET] "/users/2"):
  
Started GET "/users/2" for 127.0.0.1 at 2025-11-14 15:42:30 -0500
  
AbstractController::ActionNotFound (The action 'show' could not be found for UsersController):
  
actionpack (7.2.2.2) lib/abstract_controller/base.rb:158:in `process'
actionview (7.2.2.2) lib/action_view/rendering.rb:40:in `process'
actionpack (7.2.2.2) lib/action_controller/metal.rb:252:in `dispatch'
actionpack (7.2.2.2) lib/action_controller/metal.rb:335:in `dispatch'
actionpack (7.2.2.2) lib/action_dispatch/routing/route_set.rb:67:in `dispatch'
actionpack (7.2.2.2) lib/action_dispatch/routing/route_set.rb:50:in `serve'
actionpack (7.2.2.2) lib/action_dispatch/journey/router.rb:53:in `block in serve'
actionpack (7.2.2.2) lib/action_dispatch/journey/router.rb:133:in `block in find_routes'
actionpack (7.2.2.2) lib/action_dispatch/journey/router.rb:126:in `each'
actionpack (7.2.2.2) lib/action_dispatch/journey/router.rb:126:in `find_routes'
actionpack (7.2.2.2) lib/action_dispatch/journey/router.rb:34:in `serve'
actionpack (7.2.2.2) lib/action_dispatch/routing/route_set.rb:896:in `call'
rack (3.1.16) lib/rack/tempfile_reaper.rb:20:in `call'
rack (3.1.16) lib/rack/etag.rb:29:in `call'
rack (3.1.16) lib/rack/conditional_get.rb:31:in `call'
rack (3.1.16) lib/rack/head.rb:15:in `call'
actionpack (7.2.2.2) lib/action_dispatch/http/permissions_policy.rb:38:in `call'
actionpack (7.2.2.2) lib/action_dispatch/http/content_security_policy.rb:38:in `call'
rack-session (2.1.1) lib/rack/session/abstract/id.rb:274:in `context'
rack-session (2.1.1) lib/rack/session/abstract/id.rb:268:in `call'
actionpack (7.2.2.2) lib/action_dispatch/middleware/cookies.rb:704:in `call'
activerecord (7.2.2.2) lib/active_record/migration.rb:674:in `call'
actionpack (7.2.2.2) lib/action_dispatch/middleware/callbacks.rb:31:in `block in call'
activesupport (7.2.2.2) lib/active_support/callbacks.rb:101:in `run_callbacks'
actionpack (7.2.2.2) lib/action_dispatch/middleware/callbacks.rb:30:in `call'
actionpack (7.2.2.2) lib/action_dispatch/middleware/executor.rb:16:in `call'
actionpack (7.2.2.2) lib/action_dispatch/middleware/actionable_exceptions.rb:18:in `call'
actionpack (7.2.2.2) lib/action_dispatch/middleware/debug_exceptions.rb:31:in `call'
web-console (4.2.1) lib/web_console/middleware.rb:132:in `call_app'
web-console (4.2.1) lib/web_console/middleware.rb:28:in `block in call'
web-console (4.2.1) lib/web_console/middleware.rb:17:in `catch'
web-console (4.2.1) lib/web_console/middleware.rb:17:in `call'
actionpack (7.2.2.2) lib/action_dispatch/middleware/show_exceptions.rb:32:in `call'
railties (7.2.2.2) lib/rails/rack/logger.rb:41:in `call_app'
railties (7.2.2.2) lib/rails/rack/logger.rb:29:in `call'
sprockets-rails (3.5.2) lib/sprockets/rails/quiet_assets.rb:17:in `call'
actionpack (7.2.2.2) lib/action_dispatch/middleware/remote_ip.rb:96:in `call'
actionpack (7.2.2.2) lib/action_dispatch/middleware/request_id.rb:33:in `call'
rack (3.1.16) lib/rack/method_override.rb:28:in `call'
rack (3.1.16) lib/rack/runtime.rb:24:in `call'
activesupport (7.2.2.2) lib/active_support/cache/strategy/local_cache_middleware.rb:29:in `call'
actionpack (7.2.2.2) lib/action_dispatch/middleware/server_timing.rb:61:in `block in call'
actionpack (7.2.2.2) lib/action_dispatch/middleware/server_timing.rb:26:in `collect_events'
actionpack (7.2.2.2) lib/action_dispatch/middleware/server_timing.rb:60:in `call'
actionpack (7.2.2.2) lib/action_dispatch/middleware/executor.rb:16:in `call'
actionpack (7.2.2.2) lib/action_dispatch/middleware/static.rb:27:in `call'
rack (3.1.16) lib/rack/sendfile.rb:114:in `call'
actionpack (7.2.2.2) lib/action_dispatch/middleware/host_authorization.rb:143:in `call'
railties (7.2.2.2) lib/rails/engine.rb:535:in `call'
puma (7.1.0) lib/puma/configuration.rb:300:in `call'
puma (7.1.0) lib/puma/request.rb:101:in `block in handle_request'
puma (7.1.0) lib/puma/thread_pool.rb:355:in `with_force_shutdown'
puma (7.1.0) lib/puma/request.rb:100:in `handle_request'
puma (7.1.0) lib/puma/server.rb:503:in `process_client'
puma (7.1.0) lib/puma/server.rb:262:in `block in run'
puma (7.1.0) lib/puma/thread_pool.rb:182:in `block in spawn_thread'
Started GET "/users/2" for 127.0.0.1 at 2025-11-14 15:43:00 -0500
Processing by UsersController#show as HTML
  Parameters: {"id"=>"2"}
Completed 406 Not Acceptable in 4ms (ActiveRecord: 0.0ms (0 queries, 0 cached) | GC: 0.0ms)


  
ActionController::MissingExactTemplate (UsersController#show is missing a template for request formats: text/html):
  
actionpack (7.2.2.2) lib/action_controller/metal/implicit_render.rb:49:in `default_render'
actionpack (7.2.2.2) lib/action_controller/metal/basic_implicit_render.rb:9:in `send_action'
actionpack (7.2.2.2) lib/abstract_controller/base.rb:226:in `process_action'
actionpack (7.2.2.2) lib/action_controller/metal/rendering.rb:193:in `process_action'
actionpack (7.2.2.2) lib/abstract_controller/callbacks.rb:261:in `block in process_action'
activesupport (7.2.2.2) lib/active_support/callbacks.rb:121:in `block in run_callbacks'
turbo-rails (2.0.16) lib/turbo-rails.rb:24:in `with_request_id'
turbo-rails (2.0.16) app/controllers/concerns/turbo/request_id_tracking.rb:10:in `turbo_tracking_request_id'
activesupport (7.2.2.2) lib/active_support/callbacks.rb:130:in `block in run_callbacks'
actiontext (7.2.2.2) lib/action_text/rendering.rb:25:in `with_renderer'
actiontext (7.2.2.2) lib/action_text/engine.rb:71:in `block (4 levels) in <class:Engine>'
activesupport (7.2.2.2) lib/active_support/callbacks.rb:130:in `instance_exec'
activesupport (7.2.2.2) lib/active_support/callbacks.rb:130:in `block in run_callbacks'
activesupport (7.2.2.2) lib/active_support/callbacks.rb:141:in `run_callbacks'
actionpack (7.2.2.2) lib/abstract_controller/callbacks.rb:260:in `process_action'
actionpack (7.2.2.2) lib/action_controller/metal/rescue.rb:27:in `process_action'
actionpack (7.2.2.2) lib/action_controller/metal/instrumentation.rb:77:in `block in process_action'
activesupport (7.2.2.2) lib/active_support/notifications.rb:210:in `block in instrument'
activesupport (7.2.2.2) lib/active_support/notifications/instrumenter.rb:58:in `instrument'
activesupport (7.2.2.2) lib/active_support/notifications.rb:210:in `instrument'
actionpack (7.2.2.2) lib/action_controller/metal/instrumentation.rb:76:in `process_action'
actionpack (7.2.2.2) lib/action_controller/metal/params_wrapper.rb:259:in `process_action'
activerecord (7.2.2.2) lib/active_record/railties/controller_runtime.rb:39:in `process_action'
actionpack (7.2.2.2) lib/abstract_controller/base.rb:163:in `process'
actionview (7.2.2.2) lib/action_view/rendering.rb:40:in `process'
actionpack (7.2.2.2) lib/action_controller/metal.rb:252:in `dispatch'
actionpack (7.2.2.2) lib/action_controller/metal.rb:335:in `dispatch'
actionpack (7.2.2.2) lib/action_dispatch/routing/route_set.rb:67:in `dispatch'
actionpack (7.2.2.2) lib/action_dispatch/routing/route_set.rb:50:in `serve'
actionpack (7.2.2.2) lib/action_dispatch/journey/router.rb:53:in `block in serve'
actionpack (7.2.2.2) lib/action_dispatch/journey/router.rb:133:in `block in find_routes'
actionpack (7.2.2.2) lib/action_dispatch/journey/router.rb:126:in `each'
actionpack (7.2.2.2) lib/action_dispatch/journey/router.rb:126:in `find_routes'
actionpack (7.2.2.2) lib/action_dispatch/journey/router.rb:34:in `serve'
actionpack (7.2.2.2) lib/action_dispatch/routing/route_set.rb:896:in `call'
rack (3.1.16) lib/rack/tempfile_reaper.rb:20:in `call'
rack (3.1.16) lib/rack/etag.rb:29:in `call'
rack (3.1.16) lib/rack/conditional_get.rb:31:in `call'
rack (3.1.16) lib/rack/head.rb:15:in `call'
actionpack (7.2.2.2) lib/action_dispatch/http/permissions_policy.rb:38:in `call'
actionpack (7.2.2.2) lib/action_dispatch/http/content_security_policy.rb:38:in `call'
rack-session (2.1.1) lib/rack/session/abstract/id.rb:274:in `context'
rack-session (2.1.1) lib/rack/session/abstract/id.rb:268:in `call'
actionpack (7.2.2.2) lib/action_dispatch/middleware/cookies.rb:704:in `call'
activerecord (7.2.2.2) lib/active_record/migration.rb:674:in `call'
actionpack (7.2.2.2) lib/action_dispatch/middleware/callbacks.rb:31:in `block in call'
activesupport (7.2.2.2) lib/active_support/callbacks.rb:101:in `run_callbacks'
actionpack (7.2.2.2) lib/action_dispatch/middleware/callbacks.rb:30:in `call'
actionpack (7.2.2.2) lib/action_dispatch/middleware/executor.rb:16:in `call'
actionpack (7.2.2.2) lib/action_dispatch/middleware/actionable_exceptions.rb:18:in `call'
actionpack (7.2.2.2) lib/action_dispatch/middleware/debug_exceptions.rb:31:in `call'
web-console (4.2.1) lib/web_console/middleware.rb:132:in `call_app'
web-console (4.2.1) lib/web_console/middleware.rb:28:in `block in call'
web-console (4.2.1) lib/web_console/middleware.rb:17:in `catch'
web-console (4.2.1) lib/web_console/middleware.rb:17:in `call'
actionpack (7.2.2.2) lib/action_dispatch/middleware/show_exceptions.rb:32:in `call'
railties (7.2.2.2) lib/rails/rack/logger.rb:41:in `call_app'
railties (7.2.2.2) lib/rails/rack/logger.rb:29:in `call'
sprockets-rails (3.5.2) lib/sprockets/rails/quiet_assets.rb:17:in `call'
actionpack (7.2.2.2) lib/action_dispatch/middleware/remote_ip.rb:96:in `call'
actionpack (7.2.2.2) lib/action_dispatch/middleware/request_id.rb:33:in `call'
rack (3.1.16) lib/rack/method_override.rb:28:in `call'
rack (3.1.16) lib/rack/runtime.rb:24:in `call'
activesupport (7.2.2.2) lib/active_support/cache/strategy/local_cache_middleware.rb:29:in `call'
actionpack (7.2.2.2) lib/action_dispatch/middleware/server_timing.rb:61:in `block in call'
actionpack (7.2.2.2) lib/action_dispatch/middleware/server_timing.rb:26:in `collect_events'
actionpack (7.2.2.2) lib/action_dispatch/middleware/server_timing.rb:60:in `call'
actionpack (7.2.2.2) lib/action_dispatch/middleware/executor.rb:16:in `call'
actionpack (7.2.2.2) lib/action_dispatch/middleware/static.rb:27:in `call'
rack (3.1.16) lib/rack/sendfile.rb:114:in `call'
actionpack (7.2.2.2) lib/action_dispatch/middleware/host_authorization.rb:143:in `call'
railties (7.2.2.2) lib/rails/engine.rb:535:in `call'
puma (7.1.0) lib/puma/configuration.rb:300:in `call'
puma (7.1.0) lib/puma/request.rb:101:in `block in handle_request'
puma (7.1.0) lib/puma/thread_pool.rb:355:in `with_force_shutdown'
puma (7.1.0) lib/puma/request.rb:100:in `handle_request'
puma (7.1.0) lib/puma/server.rb:503:in `process_client'
puma (7.1.0) lib/puma/server.rb:262:in `block in run'
puma (7.1.0) lib/puma/thread_pool.rb:182:in `block in spawn_thread'
Started GET "/users/2" for 127.0.0.1 at 2025-11-14 15:43:46 -0500
Processing by UsersController#show as HTML
  Parameters: {"id"=>"2"}
  Rendering layout layouts/application.html.erb
  Rendering users/show.html.erb within layouts/application
  Rendered users/show.html.erb within layouts/application (Duration: 1.3ms | GC: 0.0ms)
  Rendered layouts/partials/_header.erb (Duration: 2.6ms | GC: 0.0ms)
  Rendered layouts/partials/_footer.erb (Duration: 1.8ms | GC: 0.0ms)
  Rendered layout layouts/application.html.erb (Duration: 34.1ms | GC: 0.0ms)
Completed 200 OK in 45ms (Views: 42.5ms | ActiveRecord: 0.0ms (0 queries, 0 cached) | GC: 0.2ms)


Started GET "/users/2" for 127.0.0.1 at 2025-11-14 15:45:37 -0500
Processing by UsersController#show as HTML
  Parameters: {"id"=>"2"}
  [1m[36mUser Load (5.6ms)[0m  [1m[34mSELECT "users".* FROM "users" WHERE "users"."id" = ? LIMIT ?[0m  [["id", 2], ["LIMIT", 1]]
  ↳ app/controllers/users_controller.rb:7:in `show'
  Rendering layout layouts/application.html.erb
  Rendering users/show.html.erb within layouts/application
  Rendered users/show.html.erb within layouts/application (Duration: 4.6ms | GC: 0.0ms)
  Rendered layouts/partials/_header.erb (Duration: 2.0ms | GC: 0.0ms)
  Rendered layouts/partials/_footer.erb (Duration: 0.6ms | GC: 0.0ms)
  Rendered layout layouts/application.html.erb (Duration: 29.1ms | GC: 3.8ms)
Completed 200 OK in 159ms (Views: 37.0ms | ActiveRecord: 83.2ms (1 query, 0 cached) | GC: 3.8ms)


Started GET "/users/2" for 127.0.0.1 at 2025-11-14 15:47:03 -0500
Processing by UsersController#show as HTML
  Parameters: {"id"=>"2"}
  [1m[36mUser Load (6.4ms)[0m  [1m[34mSELECT "users".* FROM "users" WHERE "users"."id" = ? LIMIT ?[0m  [["id", 2], ["LIMIT", 1]]
  ↳ app/controllers/users_controller.rb:7:in `show'
  Rendering layout layouts/application.html.erb
  Rendering users/show.html.erb within layouts/application
  Rendered users/show.html.erb within layouts/application (Duration: 10.6ms | GC: 8.0ms)
  Rendered layout layouts/application.html.erb (Duration: 12.3ms | GC: 8.0ms)
Completed 500 Internal Server Error in 187ms (ActiveRecord: 86.6ms (1 query, 0 cached) | GC: 25.6ms)


  
ActionView::SyntaxErrorInTemplate (Encountered a syntax error while rendering template: check <br>
<br>
<table class='mytable'>
<thead>
    <tr>
        <th>#</th>
        <th>Name</th>
        <th>Email</th>
        <th>Created</th>
        <th>Updated</th>
        
    </tr>
</thead>
<tbody>
    <tr>
        <td><%=@user.id%></td>
        <td><%=@user.name%></td>
        <td><%=@user.email%></td>
        <td><%=@user.id%></td>
        <td><%=@user.created_at%></td>
        <td><%=@user.updated_at%></td>
        <td>Edit</td>
        <td>Delete</td>
    </tr>
    <%end%>
</tbody>

</table>
):

Causes:
ActiveSupport::SyntaxErrorProxy (/home/geise.51/cse3901/project8/app/views/users/show.html.erb:30: syntax error, unexpected `end'
          end
          ^~~
)
1:    <br>
2:    <br>
3:    <table class='mytable'>
4:    <thead>
5:        <tr>
6:            <th>#</th>
7:            <th>Name</th>
8:            <th>Email</th>
9:            <th>Created</th>
10:            <th>Updated</th>
11:            
12:        </tr>
13:    </thead>
14:    <tbody>
15:        <tr>
16:            <td><%=@user.id%></td>
17:            <td><%=@user.name%></td>
18:            <td><%=@user.email%></td>
19:            <td><%=@user.id%></td>
20:            <td><%=@user.created_at%></td>
21:            <td><%=@user.updated_at%></td>
22:            <td>Edit</td>
23:            <td>Delete</td>
24:        </tr>
25:        <%end%>
26:    </tbody>
27:    
28:    </table>
  
app/views/users/show.html.erb:30: syntax error, unexpected `end'
Started GET "/users/2" for 127.0.0.1 at 2025-11-14 15:47:27 -0500
Processing by UsersController#show as HTML
  Parameters: {"id"=>"2"}
  [1m[36mUser Load (4.0ms)[0m  [1m[34mSELECT "users".* FROM "users" WHERE "users"."id" = ? LIMIT ?[0m  [["id", 2], ["LIMIT", 1]]
  ↳ app/controllers/users_controller.rb:7:in `show'
  Rendering layout layouts/application.html.erb
  Rendering users/show.html.erb within layouts/application
  Rendered users/show.html.erb within layouts/application (Duration: 2.5ms | GC: 0.0ms)
  Rendered layout layouts/application.html.erb (Duration: 2.7ms | GC: 0.0ms)
Completed 500 Internal Server Error in 121ms (ActiveRecord: 71.7ms (1 query, 0 cached) | GC: 0.0ms)


  
ActionView::SyntaxErrorInTemplate (Encountered a syntax error while rendering template: check <br>
<br>
<table class='mytable'>
<thead>
    <tr>
        <th>#</th>
        <th>Name</th>
        <th>Email</th>
        <th>Created</th>
        <th>Updated</th>
        
    </tr>
</thead>
<tbody>
    <tr>
        <td><%=@user.id%></td>
        <td><%=@user.name%></td>
        <td><%=@user.email%></td>
        <td><%=@user.id%></td>
        <td><%=@user.created_at%></td>
        <td><%=@user.updated_at%></td>
    </tr>
    <%end%>
</tbody>

</table>
):

Causes:
ActiveSupport::SyntaxErrorProxy (/home/geise.51/cse3901/project8/app/views/users/show.html.erb:28: syntax error, unexpected `end'
          end
          ^~~
)
1:    <br>
2:    <br>
3:    <table class='mytable'>
4:    <thead>
5:        <tr>
6:            <th>#</th>
7:            <th>Name</th>
8:            <th>Email</th>
9:            <th>Created</th>
10:            <th>Updated</th>
11:            
12:        </tr>
13:    </thead>
14:    <tbody>
15:        <tr>
16:            <td><%=@user.id%></td>
17:            <td><%=@user.name%></td>
18:            <td><%=@user.email%></td>
19:            <td><%=@user.id%></td>
20:            <td><%=@user.created_at%></td>
21:            <td><%=@user.updated_at%></td>
22:        </tr>
23:        <%end%>
24:    </tbody>
25:    
26:    </table>
  
app/views/users/show.html.erb:28: syntax error, unexpected `end'
Started GET "/users/2" for 127.0.0.1 at 2025-11-14 15:47:45 -0500
Processing by UsersController#show as HTML
  Parameters: {"id"=>"2"}
  [1m[36mUser Load (4.0ms)[0m  [1m[34mSELECT "users".* FROM "users" WHERE "users"."id" = ? LIMIT ?[0m  [["id", 2], ["LIMIT", 1]]
  ↳ app/controllers/users_controller.rb:7:in `show'
  Rendering layout layouts/application.html.erb
  Rendering users/show.html.erb within layouts/application
  Rendered users/show.html.erb within layouts/application (Duration: 2.7ms | GC: 0.0ms)
  Rendered layouts/partials/_header.erb (Duration: 2.6ms | GC: 0.0ms)
  Rendered layouts/partials/_footer.erb (Duration: 1.3ms | GC: 0.0ms)
  Rendered layout layouts/application.html.erb (Duration: 31.3ms | GC: 0.0ms)
Completed 200 OK in 130ms (Views: 42.8ms | ActiveRecord: 66.6ms (1 query, 0 cached) | GC: 0.1ms)


Started GET "/users/9" for 127.0.0.1 at 2025-11-14 15:47:52 -0500
Processing by UsersController#show as HTML
  Parameters: {"id"=>"9"}
  [1m[36mUser Load (7.0ms)[0m  [1m[34mSELECT "users".* FROM "users" WHERE "users"."id" = ? LIMIT ?[0m  [["id", 9], ["LIMIT", 1]]
  ↳ app/controllers/users_controller.rb:7:in `show'
  Rendering layout layouts/application.html.erb
  Rendering users/show.html.erb within layouts/application
  Rendered users/show.html.erb within layouts/application (Duration: 1.3ms | GC: 0.0ms)
  Rendered layouts/partials/_header.erb (Duration: 0.7ms | GC: 0.0ms)
  Rendered layouts/partials/_footer.erb (Duration: 1.0ms | GC: 0.0ms)
  Rendered layout layouts/application.html.erb (Duration: 14.8ms | GC: 0.0ms)
Completed 200 OK in 29ms (Views: 19.2ms | ActiveRecord: 7.0ms (1 query, 0 cached) | GC: 0.0ms)


Started GET "/users/22" for 127.0.0.1 at 2025-11-14 15:47:56 -0500
Processing by UsersController#show as HTML
  Parameters: {"id"=>"22"}
  [1m[36mUser Load (5.0ms)[0m  [1m[34mSELECT "users".* FROM "users" WHERE "users"."id" = ? LIMIT ?[0m  [["id", 22], ["LIMIT", 1]]
  ↳ app/controllers/users_controller.rb:7:in `show'
  Rendering layout layouts/application.html.erb
  Rendering users/show.html.erb within layouts/application
  Rendered users/show.html.erb within layouts/application (Duration: 1.4ms | GC: 0.0ms)
  Rendered layouts/partials/_header.erb (Duration: 0.1ms | GC: 0.0ms)
  Rendered layouts/partials/_footer.erb (Duration: 1.0ms | GC: 0.0ms)
  Rendered layout layouts/application.html.erb (Duration: 10.8ms | GC: 0.1ms)
Completed 200 OK in 18ms (Views: 11.5ms | ActiveRecord: 5.0ms (1 query, 0 cached) | GC: 0.1ms)


Started GET "/users/22" for 127.0.0.1 at 2025-11-14 15:51:08 -0500
  
SyntaxError (/home/geise.51/cse3901/project8/app/controllers/users_controller.rb:15: syntax error, unexpected end-of-input, expecting `end' or dummy end):
  
app/controllers/users_controller.rb:15: syntax error, unexpected end-of-input, expecting `end' or dummy end
Started GET "/users/22" for 127.0.0.1 at 2025-11-14 15:51:19 -0500
Processing by UsersController#show as HTML
  Parameters: {"id"=>"22"}
  [1m[36mUser Load (8.8ms)[0m  [1m[34mSELECT "users".* FROM "users" WHERE "users"."id" = ? LIMIT ?[0m  [["id", 22], ["LIMIT", 1]]
  ↳ app/controllers/users_controller.rb:7:in `show'
  Rendering layout layouts/application.html.erb
  Rendering users/show.html.erb within layouts/application
  Rendered users/show.html.erb within layouts/application (Duration: 1.6ms | GC: 0.0ms)
  Rendered layouts/partials/_header.erb (Duration: 3.0ms | GC: 0.0ms)
  Rendered layouts/partials/_footer.erb (Duration: 1.8ms | GC: 0.0ms)
  Rendered layout layouts/application.html.erb (Duration: 29.9ms | GC: 0.0ms)
Completed 200 OK in 186ms (Views: 39.3ms | ActiveRecord: 111.9ms (1 query, 0 cached) | GC: 0.4ms)


Started GET "/users/400" for 127.0.0.1 at 2025-11-14 15:53:15 -0500
Processing by UsersController#show as HTML
  Parameters: {"id"=>"400"}
  [1m[36mUser Load (6.1ms)[0m  [1m[34mSELECT "users".* FROM "users" WHERE "users"."id" = ? LIMIT ?[0m  [["id", 400], ["LIMIT", 1]]
  ↳ app/controllers/users_controller.rb:7:in `show'
Redirected to http://127.0.0.1:1634/users
Completed 302 Found in 75ms (ActiveRecord: 54.9ms (1 query, 0 cached) | GC: 0.0ms)


Started GET "/users" for 127.0.0.1 at 2025-11-14 15:53:16 -0500
Processing by UsersController#index as HTML
  Rendering layout layouts/application.html.erb
  Rendering users/index.html.erb within layouts/application
  [1m[36mUser Load (3.4ms)[0m  [1m[34mSELECT "users".* FROM "users"[0m
  ↳ app/views/users/index.html.erb:16
  Rendered users/index.html.erb within layouts/application (Duration: 27.8ms | GC: 0.0ms)
  Rendered layouts/partials/_header.erb (Duration: 1.7ms | GC: 0.0ms)
  Rendered layouts/partials/_footer.erb (Duration: 0.9ms | GC: 0.0ms)
  Rendered layout layouts/application.html.erb (Duration: 56.0ms | GC: 0.0ms)
Completed 200 OK in 68ms (Views: 48.4ms | ActiveRecord: 16.3ms (1 query, 0 cached) | GC: 0.0ms)


Started GET "/users/500" for 127.0.0.1 at 2025-11-14 15:56:37 -0500
Processing by UsersController#show as HTML
  Parameters: {"id"=>"500"}
  [1m[36mUser Load (9.5ms)[0m  [1m[34mSELECT "users".* FROM "users" WHERE "users"."id" = ? LIMIT ?[0m  [["id", 500], ["LIMIT", 1]]
  ↳ app/controllers/users_controller.rb:7:in `show'
Redirected to http://127.0.0.1:1634/users
Completed 302 Found in 90ms (ActiveRecord: 67.3ms (1 query, 0 cached) | GC: 0.2ms)


Started GET "/users" for 127.0.0.1 at 2025-11-14 15:56:38 -0500
Processing by UsersController#index as HTML
  Rendering layout layouts/application.html.erb
  Rendering users/index.html.erb within layouts/application
  [1m[36mUser Load (4.0ms)[0m  [1m[34mSELECT "users".* FROM "users"[0m
  ↳ app/views/users/index.html.erb:16
  Rendered users/index.html.erb within layouts/application (Duration: 28.3ms | GC: 0.2ms)
  Rendered layouts/partials/_header.erb (Duration: 1.7ms | GC: 0.0ms)
  Rendered layouts/partials/_footer.erb (Duration: 1.0ms | GC: 0.2ms)
  Rendered layout layouts/application.html.erb (Duration: 57.3ms | GC: 0.4ms)
Completed 200 OK in 69ms (Views: 49.3ms | ActiveRecord: 17.7ms (1 query, 0 cached) | GC: 0.4ms)


Started GET "/" for 127.0.0.1 at 2025-11-17 15:28:54 -0500
  [1m[36mActiveRecord::SchemaMigration Load (11.0ms)[0m  [1m[34mSELECT "schema_migrations"."version" FROM "schema_migrations" ORDER BY "schema_migrations"."version" ASC[0m
Processing by Rails::WelcomeController#index as HTML
Started GET "/home" for 127.0.0.1 at 2025-11-17 15:28:58 -0500
  Rendering /home/chandran.31/.local/share/gem/ruby/gems/railties-7.2.2.2/lib/rails/templates/rails/welcome/index.html.erb
  Rendered /home/chandran.31/.local/share/gem/ruby/gems/railties-7.2.2.2/lib/rails/templates/rails/welcome/index.html.erb (Duration: 1.8ms | GC: 0.0ms)
Completed 200 OK in 10932ms (Views: 770.9ms | ActiveRecord: 0.0ms (0 queries, 0 cached) | GC: 210.1ms)


Processing by StaticPagesController#home as HTML
  Rendering layout layouts/application.html.erb
  Rendering static_pages/home.html.erb within layouts/application
  Rendered static_pages/home.html.erb within layouts/application (Duration: 2.9ms | GC: 0.0ms)
  Rendered layouts/partials/_header.erb (Duration: 4.7ms | GC: 0.0ms)
  Rendered layouts/partials/_footer.erb (Duration: 2.9ms | GC: 0.0ms)
  Rendered layout layouts/application.html.erb (Duration: 4116.7ms | GC: 26.5ms)
Completed 200 OK in 4657ms (Views: 4123.5ms | ActiveRecord: 0.0ms (0 queries, 0 cached) | GC: 26.6ms)


Started GET "/help" for 127.0.0.1 at 2025-11-17 15:29:14 -0500
Processing by StaticPagesController#help as HTML
  Rendering layout layouts/application.html.erb
  Rendering static_pages/help.html.erb within layouts/application
  Rendered static_pages/help.html.erb within layouts/application (Duration: 2.5ms | GC: 0.0ms)
  Rendered layouts/partials/_header.erb (Duration: 1.0ms | GC: 0.0ms)
  Rendered layouts/partials/_footer.erb (Duration: 0.7ms | GC: 0.0ms)
  Rendered layout layouts/application.html.erb (Duration: 340.5ms | GC: 0.2ms)
Completed 200 OK in 345ms (Views: 341.6ms | ActiveRecord: 0.0ms (0 queries, 0 cached) | GC: 0.3ms)


Started GET "/about" for 127.0.0.1 at 2025-11-17 15:29:15 -0500
Processing by StaticPagesController#about as HTML
  Rendering layout layouts/application.html.erb
  Rendering static_pages/about.html.erb within layouts/application
  Rendered static_pages/about.html.erb within layouts/application (Duration: 1.5ms | GC: 0.0ms)
  Rendered layouts/partials/_header.erb (Duration: 0.4ms | GC: 0.0ms)
  Rendered layouts/partials/_footer.erb (Duration: 0.1ms | GC: 0.0ms)
  Rendered layout layouts/application.html.erb (Duration: 22.2ms | GC: 0.2ms)
Completed 200 OK in 29ms (Views: 23.5ms | ActiveRecord: 0.0ms (0 queries, 0 cached) | GC: 0.2ms)


Started GET "/aaron" for 127.0.0.1 at 2025-11-17 15:29:16 -0500
Processing by StaticPagesController#aaron as HTML
  Rendering layout layouts/application.html.erb
  Rendering static_pages/aaron.html.erb within layouts/application
  Rendered static_pages/aaron.html.erb within layouts/application (Duration: 1.9ms | GC: 0.0ms)
  Rendered layouts/partials/_header.erb (Duration: 1.0ms | GC: 0.0ms)
  Rendered layouts/partials/_footer.erb (Duration: 0.1ms | GC: 0.0ms)
  Rendered layout layouts/application.html.erb (Duration: 19.5ms | GC: 0.1ms)
Completed 200 OK in 23ms (Views: 21.2ms | ActiveRecord: 0.0ms (0 queries, 0 cached) | GC: 0.2ms)


Started GET "/users/new" for 127.0.0.1 at 2025-11-17 15:29:17 -0500
Processing by UsersController#new as HTML
  Rendering layout layouts/application.html.erb
  Rendering users/new.html.erb within layouts/application
  Rendered layouts/partials/_error_messages.html.erb (Duration: 2.5ms | GC: 0.0ms)
  Rendered users/new.html.erb within layouts/application (Duration: 272.1ms | GC: 2.0ms)
  Rendered layouts/partials/_header.erb (Duration: 0.5ms | GC: 0.0ms)
  Rendered layouts/partials/_footer.erb (Duration: 0.1ms | GC: 0.0ms)
  Rendered layout layouts/application.html.erb (Duration: 290.4ms | GC: 2.7ms)
Completed 200 OK in 585ms (Views: 299.1ms | ActiveRecord: 148.9ms (0 queries, 0 cached) | GC: 23.8ms)


Started GET "/users/32" for 127.0.0.1 at 2025-11-17 15:29:48 -0500
Processing by UsersController#show as HTML
  Parameters: {"id"=>"32"}
  [1m[36mUser Load (11.6ms)[0m  [1m[34mSELECT "users".* FROM "users" WHERE "users"."id" = ? LIMIT ?[0m  [["id", 32], ["LIMIT", 1]]
  ↳ app/controllers/users_controller.rb:7:in `show'
Redirected to http://127.0.0.1:8322/users
Completed 302 Found in 710ms (ActiveRecord: 11.6ms (1 query, 0 cached) | GC: 0.3ms)


Started GET "/users" for 127.0.0.1 at 2025-11-17 15:29:49 -0500
Processing by UsersController#index as HTML
  Rendering layout layouts/application.html.erb
  Rendering users/index.html.erb within layouts/application
  [1m[36mUser Load (12.9ms)[0m  [1m[34mSELECT "users".* FROM "users"[0m
  ↳ app/views/users/index.html.erb:16
  Rendered users/index.html.erb within layouts/application (Duration: 36.2ms | GC: 0.0ms)
  Rendered layouts/partials/_header.erb (Duration: 6.6ms | GC: 0.0ms)
  Rendered layouts/partials/_footer.erb (Duration: 0.0ms | GC: 0.0ms)
  Rendered layout layouts/application.html.erb (Duration: 65.1ms | GC: 0.3ms)
Completed 200 OK in 73ms (Views: 54.4ms | ActiveRecord: 12.9ms (1 query, 0 cached) | GC: 0.3ms)


Started GET "/users/29" for 127.0.0.1 at 2025-11-17 15:30:12 -0500
Processing by UsersController#show as HTML
  Parameters: {"id"=>"29"}
  [1m[36mUser Load (9.0ms)[0m  [1m[34mSELECT "users".* FROM "users" WHERE "users"."id" = ? LIMIT ?[0m  [["id", 29], ["LIMIT", 1]]
  ↳ app/controllers/users_controller.rb:7:in `show'
  Rendering layout layouts/application.html.erb
  Rendering users/show.html.erb within layouts/application
  Rendered users/show.html.erb within layouts/application (Duration: 3.6ms | GC: 0.0ms)
  Rendered layouts/partials/_header.erb (Duration: 3.1ms | GC: 0.0ms)
  Rendered layouts/partials/_footer.erb (Duration: 1.5ms | GC: 0.0ms)
  Rendered layout layouts/application.html.erb (Duration: 27.1ms | GC: 0.3ms)
Completed 200 OK in 44ms (Views: 28.2ms | ActiveRecord: 9.0ms (1 query, 0 cached) | GC: 0.3ms)


Started GET "/users/29" for 127.0.0.1 at 2025-11-17 15:30:59 -0500
Processing by UsersController#show as HTML
  Parameters: {"id"=>"29"}
  [1m[36mUser Load (7.1ms)[0m  [1m[34mSELECT "users".* FROM "users" WHERE "users"."id" = ? LIMIT ?[0m  [["id", 29], ["LIMIT", 1]]
  ↳ app/controllers/users_controller.rb:7:in `show'
  Rendering layout layouts/application.html.erb
  Rendering users/show.html.erb within layouts/application
  Rendered users/show.html.erb within layouts/application (Duration: 3.7ms | GC: 0.0ms)
  Rendered layouts/partials/_header.erb (Duration: 4.0ms | GC: 0.0ms)
  Rendered layouts/partials/_footer.erb (Duration: 0.7ms | GC: 0.0ms)
  Rendered layout layouts/application.html.erb (Duration: 27.0ms | GC: 0.1ms)
Completed 200 OK in 213ms (Views: 41.7ms | ActiveRecord: 123.4ms (1 query, 0 cached) | GC: 0.4ms)


Started GET "/users/29" for 127.0.0.1 at 2025-11-17 15:31:22 -0500
Processing by UsersController#show as HTML
  Parameters: {"id"=>"29"}
  [1m[36mUser Load (9.8ms)[0m  [1m[34mSELECT "users".* FROM "users" WHERE "users"."id" = ? LIMIT ?[0m  [["id", 29], ["LIMIT", 1]]
  ↳ app/controllers/users_controller.rb:7:in `show'
  Rendering layout layouts/application.html.erb
  Rendering users/show.html.erb within layouts/application
  Rendered users/show.html.erb within layouts/application (Duration: 3.7ms | GC: 0.3ms)
  Rendered layouts/partials/_header.erb (Duration: 6.5ms | GC: 0.0ms)
  Rendered layouts/partials/_footer.erb (Duration: 1.0ms | GC: 0.0ms)
  Rendered layout layouts/application.html.erb (Duration: 41.3ms | GC: 0.3ms)
Completed 200 OK in 222ms (Views: 50.5ms | ActiveRecord: 134.5ms (1 query, 0 cached) | GC: 0.6ms)


Started GET "/users" for 127.0.0.1 at 2025-11-17 15:31:28 -0500
Processing by UsersController#index as HTML
  Rendering layout layouts/application.html.erb
  Rendering users/index.html.erb within layouts/application
  [1m[36mUser Load (9.5ms)[0m  [1m[34mSELECT "users".* FROM "users"[0m
  ↳ app/views/users/index.html.erb:16
  Rendered users/index.html.erb within layouts/application (Duration: 15.5ms | GC: 0.0ms)
  Rendered layouts/partials/_header.erb (Duration: 1.1ms | GC: 0.0ms)
  Rendered layouts/partials/_footer.erb (Duration: 0.2ms | GC: 0.0ms)
  Rendered layout layouts/application.html.erb (Duration: 24.8ms | GC: 0.0ms)
Completed 200 OK in 30ms (Views: 17.1ms | ActiveRecord: 9.5ms (1 query, 0 cached) | GC: 0.0ms)


Started GET "/users" for 127.0.0.1 at 2025-11-17 15:32:57 -0500
Processing by UsersController#index as HTML
  Rendering layout layouts/application.html.erb
  Rendering users/index.html.erb within layouts/application
  [1m[36mUser Load (134.2ms)[0m  [1m[34mSELECT "users".* FROM "users"[0m
  ↳ app/views/users/index.html.erb:16
  Rendered users/index.html.erb within layouts/application (Duration: 206.5ms | GC: 0.0ms)
  Rendered layouts/partials/_header.erb (Duration: 8.0ms | GC: 0.0ms)
  Rendered layouts/partials/_footer.erb (Duration: 5.6ms | GC: 0.0ms)
  Rendered layout layouts/application.html.erb (Duration: 265.3ms | GC: 0.0ms)
Completed 200 OK in 295ms (Views: 104.3ms | ActiveRecord: 172.6ms (1 query, 0 cached) | GC: 0.0ms)


Started GET "/home" for 127.0.0.1 at 2025-11-17 15:33:45 -0500
Processing by StaticPagesController#home as HTML
  Rendering layout layouts/application.html.erb
  Rendering static_pages/home.html.erb within layouts/application
  Rendered static_pages/home.html.erb within layouts/application (Duration: 1.8ms | GC: 0.0ms)
  Rendered layouts/partials/_header.erb (Duration: 2.0ms | GC: 0.0ms)
  Rendered layouts/partials/_footer.erb (Duration: 0.1ms | GC: 0.0ms)
  Rendered layout layouts/application.html.erb (Duration: 16.0ms | GC: 0.0ms)
Completed 200 OK in 27ms (Views: 24.7ms | ActiveRecord: 0.0ms (0 queries, 0 cached) | GC: 0.0ms)


Started GET "/help" for 127.0.0.1 at 2025-11-17 15:33:48 -0500
Processing by StaticPagesController#help as HTML
  Rendering layout layouts/application.html.erb
  Rendering static_pages/help.html.erb within layouts/application
  Rendered static_pages/help.html.erb within layouts/application (Duration: 1.3ms | GC: 0.0ms)
  Rendered layouts/partials/_header.erb (Duration: 0.4ms | GC: 0.0ms)
  Rendered layouts/partials/_footer.erb (Duration: 0.1ms | GC: 0.0ms)
  Rendered layout layouts/application.html.erb (Duration: 34.8ms | GC: 12.1ms)
Completed 200 OK in 38ms (Views: 35.8ms | ActiveRecord: 0.0ms (0 queries, 0 cached) | GC: 12.1ms)


Started GET "/about" for 127.0.0.1 at 2025-11-17 15:33:49 -0500
Processing by StaticPagesController#about as HTML
  Rendering layout layouts/application.html.erb
  Rendering static_pages/about.html.erb within layouts/application
  Rendered static_pages/about.html.erb within layouts/application (Duration: 1.4ms | GC: 0.0ms)
  Rendered layouts/partials/_header.erb (Duration: 0.1ms | GC: 0.0ms)
  Rendered layouts/partials/_footer.erb (Duration: 0.1ms | GC: 0.0ms)
  Rendered layout layouts/application.html.erb (Duration: 16.2ms | GC: 0.0ms)
Completed 200 OK in 22ms (Views: 18.0ms | ActiveRecord: 0.0ms (0 queries, 0 cached) | GC: 0.0ms)


Started GET "/aaron" for 127.0.0.1 at 2025-11-17 15:33:50 -0500
Processing by StaticPagesController#aaron as HTML
  Rendering layout layouts/application.html.erb
  Rendering static_pages/aaron.html.erb within layouts/application
  Rendered static_pages/aaron.html.erb within layouts/application (Duration: 1.4ms | GC: 0.0ms)
  Rendered layouts/partials/_header.erb (Duration: 0.1ms | GC: 0.0ms)
  Rendered layouts/partials/_footer.erb (Duration: 0.8ms | GC: 0.0ms)
  Rendered layout layouts/application.html.erb (Duration: 18.8ms | GC: 0.0ms)
Completed 200 OK in 22ms (Views: 21.4ms | ActiveRecord: 0.0ms (0 queries, 0 cached) | GC: 0.0ms)


Started GET "/users/new" for 127.0.0.1 at 2025-11-17 15:33:51 -0500
Processing by UsersController#new as HTML
  Rendering layout layouts/application.html.erb
  Rendering users/new.html.erb within layouts/application
  Rendered layouts/partials/_error_messages.html.erb (Duration: 1.1ms | GC: 0.0ms)
  Rendered users/new.html.erb within layouts/application (Duration: 27.3ms | GC: 0.0ms)
  Rendered layouts/partials/_header.erb (Duration: 0.2ms | GC: 0.0ms)
  Rendered layouts/partials/_footer.erb (Duration: 0.9ms | GC: 0.0ms)
  Rendered layout layouts/application.html.erb (Duration: 38.4ms | GC: 0.3ms)
Completed 200 OK in 47ms (Views: 39.6ms | ActiveRecord: 0.0ms (0 queries, 0 cached) | GC: 0.3ms)


Started GET "/users/new" for 127.0.0.1 at 2025-11-17 15:34:46 -0500
Processing by UsersController#new as HTML
  Rendering layout layouts/application.html.erb
  Rendering users/new.html.erb within layouts/application
  Rendered layouts/partials/_error_messages.html.erb (Duration: 2.7ms | GC: 0.0ms)
  Rendered users/new.html.erb within layouts/application (Duration: 19.6ms | GC: 0.0ms)
  Rendered layouts/partials/_header.erb (Duration: 73.1ms | GC: 0.0ms)
  Rendered layout layouts/application.html.erb (Duration: 134.1ms | GC: 0.0ms)
Completed 500 Internal Server Error in 427ms (ActiveRecord: 246.5ms (0 queries, 0 cached) | GC: 0.5ms)


  
ActionView::Template::Error (undefined local variable or method `aaron_url' for an instance of #<Class:0x00007f8a08c8b380>):

Causes:
NameError (undefined local variable or method `aaron_url' for an instance of #<Class:0x00007f8a08c8b380>)
    3:     <li><%= link_to 'Home', home_path%></li>
    4:     <li><%= link_to 'Help', help_path%></li>
    5:     <li><%= link_to 'About', about_path%></li>
    6:     <li><%= link_to 'Aaron', aaron_url%></li>
    7:     <li><%= link_to 'Sign-Up', user_new_path%></li>    
    8:     </ol>
    9: </header>
  
app/views/layouts/partials/_header.erb:6
app/views/layouts/application.html.erb:20
Started GET "/favicon.ico" for 127.0.0.1 at 2025-11-17 15:34:50 -0500
  
ActionController::RoutingError (No route matches [GET] "/favicon.ico"):
  
Started GET "/users/new" for 127.0.0.1 at 2025-11-17 15:35:28 -0500
Processing by UsersController#new as HTML
  Rendering layout layouts/application.html.erb
  Rendering users/new.html.erb within layouts/application
  Rendered layouts/partials/_error_messages.html.erb (Duration: 2.9ms | GC: 0.0ms)
  Rendered users/new.html.erb within layouts/application (Duration: 17.1ms | GC: 0.2ms)
  Rendered layouts/partials/_header.erb (Duration: 1.6ms | GC: 0.0ms)
  Rendered layouts/partials/_footer.erb (Duration: 1.1ms | GC: 0.0ms)
  Rendered layout layouts/application.html.erb (Duration: 33.9ms | GC: 0.2ms)
Completed 200 OK in 218ms (Views: 42.6ms | ActiveRecord: 149.9ms (0 queries, 0 cached) | GC: 0.5ms)


Started GET "/matt" for 127.0.0.1 at 2025-11-17 15:35:32 -0500
Processing by StaticPagesController#matt as HTML
  Rendering layout layouts/application.html.erb
  Rendering static_pages/matt.html.erb within layouts/application
  Rendered static_pages/matt.html.erb within layouts/application (Duration: 2.7ms | GC: 0.0ms)
  Rendered layouts/partials/_header.erb (Duration: 0.7ms | GC: 0.0ms)
  Rendered layouts/partials/_footer.erb (Duration: 0.2ms | GC: 0.0ms)
  Rendered layout layouts/application.html.erb (Duration: 10.7ms | GC: 0.0ms)
Completed 200 OK in 17ms (Views: 16.2ms | ActiveRecord: 0.0ms (0 queries, 0 cached) | GC: 0.0ms)


Started GET "/home" for 127.0.0.1 at 2025-11-17 15:35:33 -0500
Processing by StaticPagesController#home as HTML
  Rendering layout layouts/application.html.erb
  Rendering static_pages/home.html.erb within layouts/application
  Rendered static_pages/home.html.erb within layouts/application (Duration: 3.2ms | GC: 0.0ms)
  Rendered layouts/partials/_header.erb (Duration: 0.3ms | GC: 0.0ms)
  Rendered layouts/partials/_footer.erb (Duration: 0.1ms | GC: 0.0ms)
  Rendered layout layouts/application.html.erb (Duration: 12.5ms | GC: 0.0ms)
Completed 200 OK in 16ms (Views: 13.4ms | ActiveRecord: 0.0ms (0 queries, 0 cached) | GC: 0.0ms)


Started GET "/home" for 127.0.0.1 at 2025-11-17 15:39:11 -0500
Processing by StaticPagesController#home as HTML
  Rendering layout layouts/application.html.erb
  Rendering static_pages/home.html.erb within layouts/application
  Rendered static_pages/home.html.erb within layouts/application (Duration: 2.1ms | GC: 0.0ms)
  Rendered layouts/partials/_header.erb (Duration: 2.1ms | GC: 0.0ms)
  Rendered layouts/partials/_footer.erb (Duration: 1.8ms | GC: 0.0ms)
  Rendered layout layouts/application.html.erb (Duration: 34.2ms | GC: 0.0ms)
Completed 200 OK in 45ms (Views: 42.9ms | ActiveRecord: 0.0ms (0 queries, 0 cached) | GC: 0.3ms)


Started GET "/users" for 127.0.0.1 at 2025-11-17 15:39:22 -0500
Processing by UsersController#index as HTML
  Rendering layout layouts/application.html.erb
  Rendering users/index.html.erb within layouts/application
  [1m[36mUser Load (112.4ms)[0m  [1m[34mSELECT "users".* FROM "users"[0m
  ↳ app/views/users/index.html.erb:16
  Rendered users/index.html.erb within layouts/application (Duration: 162.2ms | GC: 0.1ms)
  Rendered layout layouts/application.html.erb (Duration: 162.5ms | GC: 0.1ms)
Completed 500 Internal Server Error in 207ms (ActiveRecord: 148.9ms (1 query, 0 cached) | GC: 0.4ms)


  
ActionView::Template::Error (bad URI(is not URI?): "users/\#{user.id}"):

Causes:
URI::InvalidURIError (bad URI(is not URI?): "users/\#{user.id}")
    21:         <td><%=user.created_at%></td>
    22:         <td><%=user.updated_at%></td>
    23:         <td>Edit</td>
    24:         <td><%= button_to "Delete", 'users/#{user.id}', method: :delete %></td>
    25:     </tr>
    26:     <%end%>
    27: </tbody>
  
app/views/users/index.html.erb:24
app/views/users/index.html.erb:16
Started GET "/favicon.ico" for 127.0.0.1 at 2025-11-17 15:39:23 -0500
  
ActionController::RoutingError (No route matches [GET] "/favicon.ico"):
  
Started GET "/users" for 127.0.0.1 at 2025-11-17 15:39:49 -0500
Processing by UsersController#index as HTML
  Rendering layout layouts/application.html.erb
  Rendering users/index.html.erb within layouts/application
  [1m[36mUser Load (86.6ms)[0m  [1m[34mSELECT "users".* FROM "users"[0m
  ↳ app/views/users/index.html.erb:16
  Rendered users/index.html.erb within layouts/application (Duration: 154.0ms | GC: 0.5ms)
  Rendered layouts/partials/_header.erb (Duration: 1.7ms | GC: 0.0ms)
  Rendered layouts/partials/_footer.erb (Duration: 2.3ms | GC: 0.4ms)
  Rendered layout layouts/application.html.erb (Duration: 170.3ms | GC: 0.9ms)
Completed 200 OK in 193ms (Views: 54.2ms | ActiveRecord: 125.0ms (1 query, 0 cached) | GC: 1.2ms)


Started GET "/users" for 127.0.0.1 at 2025-11-17 15:42:41 -0500
Processing by UsersController#index as HTML
  Rendering layout layouts/application.html.erb
  Rendering users/index.html.erb within layouts/application
  [1m[36mUser Load (187.0ms)[0m  [1m[34mSELECT "users".* FROM "users"[0m
  ↳ app/views/users/index.html.erb:16
  Rendered users/index.html.erb within layouts/application (Duration: 261.3ms | GC: 13.4ms)
  Rendered layouts/partials/_header.erb (Duration: 12.4ms | GC: 0.4ms)
  Rendered layouts/partials/_footer.erb (Duration: 3.1ms | GC: 0.0ms)
  Rendered layout layouts/application.html.erb (Duration: 325.0ms | GC: 17.8ms)
Completed 200 OK in 369ms (Views: 117.6ms | ActiveRecord: 228.8ms (1 query, 0 cached) | GC: 21.4ms)


Started GET "/users" for 127.0.0.1 at 2025-11-17 15:48:28 -0500
Processing by UsersController#index as HTML
  Rendering layout layouts/application.html.erb
  Rendering users/index.html.erb within layouts/application
  [1m[36mUser Load (97.5ms)[0m  [1m[34mSELECT "users".* FROM "users"[0m
  ↳ app/views/users/index.html.erb:16
  Rendered users/index.html.erb within layouts/application (Duration: 126.1ms | GC: 14.0ms)
  Rendered layouts/partials/_header.erb (Duration: 1.8ms | GC: 0.5ms)
  Rendered layouts/partials/_footer.erb (Duration: 0.7ms | GC: 0.0ms)
  Rendered layout layouts/application.html.erb (Duration: 158.2ms | GC: 16.0ms)
Completed 200 OK in 188ms (Views: 72.2ms | ActiveRecord: 97.5ms (1 query, 0 cached) | GC: 20.5ms)


Started GET "/users/12" for 127.0.0.1 at 2025-11-17 15:48:32 -0500
Processing by UsersController#show as HTML
  Parameters: {"id"=>"12"}
  [1m[36mUser Load (2.6ms)[0m  [1m[34mSELECT "users".* FROM "users" WHERE "users"."id" = ? LIMIT ?[0m  [["id", 12], ["LIMIT", 1]]
  ↳ app/controllers/users_controller.rb:40:in `set_user'
  Rendering layout layouts/application.html.erb
  Rendering users/show.html.erb within layouts/application
  Rendered users/show.html.erb within layouts/application (Duration: 2.1ms | GC: 0.0ms)
  Rendered layouts/partials/_header.erb (Duration: 0.4ms | GC: 0.0ms)
  Rendered layouts/partials/_footer.erb (Duration: 0.2ms | GC: 0.0ms)
  Rendered layout layouts/application.html.erb (Duration: 16.2ms | GC: 0.0ms)
Completed 200 OK in 27ms (Views: 17.7ms | ActiveRecord: 2.6ms (1 query, 0 cached) | GC: 1.7ms)


Started GET "/users" for 127.0.0.1 at 2025-11-17 15:53:57 -0500
  
ArgumentError (Invalid route name: 'edit user'):
  
config/routes.rb:12:in `block in <main>'
config/routes.rb:1:in `<main>'
Started GET "/users" for 127.0.0.1 at 2025-11-17 15:54:45 -0500
Processing by UsersController#index as HTML
  Rendering layout layouts/application.html.erb
  Rendering users/index.html.erb within layouts/application
  [1m[36mUser Load (156.5ms)[0m  [1m[34mSELECT "users".* FROM "users"[0m
  ↳ app/views/users/index.html.erb:16
  Rendered users/index.html.erb within layouts/application (Duration: 164.2ms | GC: 0.3ms)
  Rendered layout layouts/application.html.erb (Duration: 164.4ms | GC: 0.3ms)
Completed 500 Internal Server Error in 199ms (ActiveRecord: 156.5ms (1 query, 0 cached) | GC: 0.5ms)


  
ActionView::Template::Error (undefined method `edit_user_path' for an instance of #<Class:0x00007f8a08c72b28>):

Causes:
NoMethodError (undefined method `edit_user_path' for an instance of #<Class:0x00007f8a08c72b28>)
    20:         <td><%=user.email%></td>
    21:         <td><%=user.created_at%></td>
    22:         <td><%=user.updated_at%></td>
    23:         <td><%= link_to 'Edit', edit_user_path(user.id)%></td>
    24:         <td><%= button_to "Delete", user_path(user.id), method: :delete %></td>
    25:     </tr>
    26:     <%end%>
  
app/views/users/index.html.erb:23
app/views/users/index.html.erb:16
Started GET "/users" for 127.0.0.1 at 2025-11-17 16:01:02 -0500
  
NoMethodError (undefined method `path' for an instance of ActionDispatch::Routing::Mapper):
  
config/routes.rb:13:in `block in <main>'
config/routes.rb:1:in `<main>'
Started GET "/users" for 127.0.0.1 at 2025-11-17 16:01:19 -0500
Processing by UsersController#index as HTML
  Rendering layout layouts/application.html.erb
  Rendering users/index.html.erb within layouts/application
  [1m[36mUser Load (122.0ms)[0m  [1m[34mSELECT "users".* FROM "users"[0m
  ↳ app/views/users/index.html.erb:16
  Rendered users/index.html.erb within layouts/application (Duration: 142.8ms | GC: 0.0ms)
  Rendered layouts/partials/_header.erb (Duration: 4.1ms | GC: 0.0ms)
  Rendered layouts/partials/_footer.erb (Duration: 3.0ms | GC: 0.0ms)
  Rendered layout layouts/application.html.erb (Duration: 206.8ms | GC: 0.0ms)
Completed 200 OK in 244ms (Views: 98.9ms | ActiveRecord: 122.0ms (1 query, 0 cached) | GC: 0.0ms)


Started GET "/users/1/edit" for 127.0.0.1 at 2025-11-17 16:01:25 -0500
Processing by UsersController#edit as HTML
  Parameters: {"id"=>"1"}
  [1m[36mUser Load (17.1ms)[0m  [1m[34mSELECT "users".* FROM "users" WHERE "users"."id" = ? LIMIT ?[0m  [["id", 1], ["LIMIT", 1]]
  ↳ app/controllers/users_controller.rb:46:in `set_user'
  [1m[36mCACHE User Load (0.3ms)[0m  [1m[34mSELECT "users".* FROM "users" WHERE "users"."id" = ? LIMIT ?[0m  [["id", 1], ["LIMIT", 1]]
  ↳ app/controllers/users_controller.rb:46:in `set_user'
  Rendering layout layouts/application.html.erb
  Rendering users/edit.html.erb within layouts/application
  Rendered layouts/partials/_error_messages.html.erb (Duration: 3.1ms | GC: 0.0ms)
  Rendered users/edit.html.erb within layouts/application (Duration: 16.7ms | GC: 0.0ms)
  Rendered layouts/partials/_header.erb (Duration: 0.3ms | GC: 0.0ms)
  Rendered layouts/partials/_footer.erb (Duration: 0.1ms | GC: 0.0ms)
  Rendered layout layouts/application.html.erb (Duration: 29.7ms | GC: 0.0ms)
Completed 200 OK in 73ms (Views: 40.7ms | ActiveRecord: 17.1ms (2 queries, 1 cached) | GC: 0.0ms)


Started GET "/" for 127.0.0.1 at 2025-11-17 20:05:11 -0500
  [1m[36mActiveRecord::SchemaMigration Load (24.6ms)[0m  [1m[34mSELECT "schema_migrations"."version" FROM "schema_migrations" ORDER BY "schema_migrations"."version" ASC[0m
Processing by Rails::WelcomeController#index as HTML
  Rendering /home/chandran.31/.local/share/gem/ruby/gems/railties-7.2.2.2/lib/rails/templates/rails/welcome/index.html.erb
  Rendered /home/chandran.31/.local/share/gem/ruby/gems/railties-7.2.2.2/lib/rails/templates/rails/welcome/index.html.erb (Duration: 2.0ms | GC: 0.0ms)
Completed 200 OK in 5079ms (Views: 41.1ms | ActiveRecord: 0.0ms (0 queries, 0 cached) | GC: 121.6ms)


Started GET "/home" for 127.0.0.1 at 2025-11-17 20:05:25 -0500
Processing by StaticPagesController#home as HTML
  Rendering layout layouts/application.html.erb
  Rendering static_pages/home.html.erb within layouts/application
  Rendered static_pages/home.html.erb within layouts/application (Duration: 1.2ms | GC: 0.0ms)
  Rendered layouts/partials/_header.erb (Duration: 3.0ms | GC: 0.0ms)
  Rendered layouts/partials/_footer.erb (Duration: 2.9ms | GC: 0.0ms)
  Rendered layout layouts/application.html.erb (Duration: 478.5ms | GC: 0.0ms)
Completed 200 OK in 735ms (Views: 492.8ms | ActiveRecord: 0.0ms (0 queries, 0 cached) | GC: 0.0ms)


Started GET "/help" for 127.0.0.1 at 2025-11-17 20:05:29 -0500
Processing by StaticPagesController#help as HTML
  Rendering layout layouts/application.html.erb
  Rendering static_pages/help.html.erb within layouts/application
  Rendered static_pages/help.html.erb within layouts/application (Duration: 1.8ms | GC: 0.0ms)
  Rendered layouts/partials/_header.erb (Duration: 1.0ms | GC: 0.0ms)
  Rendered layouts/partials/_footer.erb (Duration: 0.8ms | GC: 0.0ms)
  Rendered layout layouts/application.html.erb (Duration: 70.7ms | GC: 0.0ms)
Completed 200 OK in 75ms (Views: 71.6ms | ActiveRecord: 0.0ms (0 queries, 0 cached) | GC: 0.0ms)


Started GET "/about" for 127.0.0.1 at 2025-11-17 20:05:31 -0500
Processing by StaticPagesController#about as HTML
  Rendering layout layouts/application.html.erb
  Rendering static_pages/about.html.erb within layouts/application
  Rendered static_pages/about.html.erb within layouts/application (Duration: 1.4ms | GC: 0.0ms)
  Rendered layouts/partials/_header.erb (Duration: 0.5ms | GC: 0.0ms)
  Rendered layouts/partials/_footer.erb (Duration: 0.1ms | GC: 0.0ms)
  Rendered layout layouts/application.html.erb (Duration: 22.8ms | GC: 0.0ms)
Completed 200 OK in 32ms (Views: 24.4ms | ActiveRecord: 0.0ms (0 queries, 0 cached) | GC: 0.0ms)


Started GET "/matt" for 127.0.0.1 at 2025-11-17 20:05:33 -0500
Processing by StaticPagesController#matt as HTML
  Rendering layout layouts/application.html.erb
  Rendering static_pages/matt.html.erb within layouts/application
  Rendered static_pages/matt.html.erb within layouts/application (Duration: 2.2ms | GC: 0.0ms)
  Rendered layouts/partials/_header.erb (Duration: 0.9ms | GC: 0.0ms)
  Rendered layouts/partials/_footer.erb (Duration: 0.1ms | GC: 0.0ms)
  Rendered layout layouts/application.html.erb (Duration: 17.3ms | GC: 0.0ms)
Completed 200 OK in 21ms (Views: 19.3ms | ActiveRecord: 0.0ms (0 queries, 0 cached) | GC: 0.0ms)


Started GET "/users/new" for 127.0.0.1 at 2025-11-17 20:05:34 -0500
Processing by UsersController#new as HTML
  Rendering layout layouts/application.html.erb
  Rendering users/new.html.erb within layouts/application
  Rendered layouts/partials/_error_messages.html.erb (Duration: 5.2ms | GC: 0.0ms)
  Rendered users/new.html.erb within layouts/application (Duration: 89.1ms | GC: 0.0ms)
  Rendered layouts/partials/_header.erb (Duration: 0.6ms | GC: 0.0ms)
  Rendered layouts/partials/_footer.erb (Duration: 0.1ms | GC: 0.0ms)
  Rendered layout layouts/application.html.erb (Duration: 105.5ms | GC: 0.0ms)
Completed 200 OK in 403ms (Views: 111.2ms | ActiveRecord: 287.8ms (0 queries, 0 cached) | GC: 0.0ms)


Started POST "/users" for 127.0.0.1 at 2025-11-17 20:06:13 -0500
Processing by UsersController#create as HTML
  Parameters: {"authenticity_token"=>"[FILTERED]", "user"=>{"name"=>"Matthew", "email"=>"[FILTERED]", "password"=>"[FILTERED]", "password_confirmation"=>"[FILTERED]"}, "commit"=>"Create my account"}
  [1m[36mTRANSACTION (2.6ms)[0m  [1m[36mbegin transaction[0m
  ↳ app/controllers/users_controller.rb:23:in `create'
  [1m[36mUser Exists? (21.8ms)[0m  [1m[34mSELECT 1 AS one FROM "users" WHERE "users"."email" = ? LIMIT ?[0m  [["email", "[FILTERED]"], ["LIMIT", 1]]
  ↳ app/controllers/users_controller.rb:23:in `create'
  [1m[36mTRANSACTION (2.9ms)[0m  [1m[31mrollback transaction[0m
  ↳ app/controllers/users_controller.rb:23:in `create'
  Rendering layout layouts/application.html.erb
  Rendering users/new.html.erb within layouts/application
  Rendered layouts/partials/_error_messages.html.erb (Duration: 5.8ms | GC: 0.0ms)
  Rendered users/new.html.erb within layouts/application (Duration: 16.8ms | GC: 0.0ms)
  Rendered layouts/partials/_header.erb (Duration: 5.5ms | GC: 0.0ms)
  Rendered layouts/partials/_footer.erb (Duration: 0.1ms | GC: 0.0ms)
  Rendered layout layouts/application.html.erb (Duration: 40.6ms | GC: 0.0ms)
Completed 422 Unprocessable Content in 414ms (Views: 43.2ms | ActiveRecord: 27.3ms (1 query, 0 cached) | GC: 0.5ms)


Started POST "/users" for 127.0.0.1 at 2025-11-17 20:06:44 -0500
Processing by UsersController#create as HTML
  Parameters: {"authenticity_token"=>"[FILTERED]", "user"=>{"name"=>"Matthew", "email"=>"[FILTERED]", "password"=>"[FILTERED]", "password_confirmation"=>"[FILTERED]"}, "commit"=>"Create my account"}
  [1m[36mTRANSACTION (0.1ms)[0m  [1m[36mbegin transaction[0m
  ↳ app/controllers/users_controller.rb:23:in `create'
  [1m[36mUser Exists? (10.7ms)[0m  [1m[34mSELECT 1 AS one FROM "users" WHERE "users"."email" = ? LIMIT ?[0m  [["email", "[FILTERED]"], ["LIMIT", 1]]
  ↳ app/controllers/users_controller.rb:23:in `create'
  [1m[36mUser Create (7.2ms)[0m  [1m[32mINSERT INTO "users" ("name", "email", "created_at", "updated_at", "title", "password_digest") VALUES (?, ?, ?, ?, ?, ?) RETURNING "id"[0m  [["name", "Matthew"], ["email", "[FILTERED]"], ["created_at", "2025-11-18 01:06:45.330626"], ["updated_at", "2025-11-18 01:06:45.330626"], ["title", nil], ["password_digest", "[FILTERED]"]]
  ↳ app/controllers/users_controller.rb:23:in `create'
  [1m[36mTRANSACTION (22.8ms)[0m  [1m[36mcommit transaction[0m
  ↳ app/controllers/users_controller.rb:23:in `create'
Redirected to http://127.0.0.1:8934/users/31
Completed 302 Found in 314ms (ActiveRecord: 40.8ms (2 queries, 0 cached) | GC: 0.4ms)


Started GET "/users/31" for 127.0.0.1 at 2025-11-17 20:06:45 -0500
Processing by UsersController#show as HTML
  Parameters: {"id"=>"31"}
  [1m[36mUser Load (19.2ms)[0m  [1m[34mSELECT "users".* FROM "users" WHERE "users"."id" = ? LIMIT ?[0m  [["id", 31], ["LIMIT", 1]]
  ↳ app/controllers/users_controller.rb:46:in `set_user'
  [1m[36mCACHE User Load (0.0ms)[0m  [1m[34mSELECT "users".* FROM "users" WHERE "users"."id" = ? LIMIT ?[0m  [["id", 31], ["LIMIT", 1]]
  ↳ app/controllers/users_controller.rb:46:in `set_user'
  Rendering layout layouts/application.html.erb
  Rendering users/show.html.erb within layouts/application
  Rendered users/show.html.erb within layouts/application (Duration: 8.9ms | GC: 0.3ms)
  Rendered layouts/partials/_header.erb (Duration: 2.5ms | GC: 0.0ms)
  Rendered layouts/partials/_footer.erb (Duration: 0.0ms | GC: 0.0ms)
  Rendered layout layouts/application.html.erb (Duration: 47.1ms | GC: 0.3ms)
Completed 200 OK in 82ms (Views: 48.8ms | ActiveRecord: 19.2ms (2 queries, 1 cached) | GC: 0.3ms)


Started GET "/users" for 127.0.0.1 at 2025-11-17 20:06:57 -0500
Processing by UsersController#index as HTML
  Rendering layout layouts/application.html.erb
  Rendering users/index.html.erb within layouts/application
  [1m[36mUser Load (11.9ms)[0m  [1m[34mSELECT "users".* FROM "users"[0m
  ↳ app/views/users/index.html.erb:16
  Rendered users/index.html.erb within layouts/application (Duration: 45.8ms | GC: 0.2ms)
  Rendered layouts/partials/_header.erb (Duration: 0.5ms | GC: 0.0ms)
  Rendered layouts/partials/_footer.erb (Duration: 0.1ms | GC: 0.0ms)
  Rendered layout layouts/application.html.erb (Duration: 60.1ms | GC: 0.2ms)
Completed 200 OK in 66ms (Views: 48.9ms | ActiveRecord: 11.9ms (1 query, 0 cached) | GC: 0.2ms)


Started DELETE "/users/31" for 127.0.0.1 at 2025-11-17 20:16:58 -0500
Processing by UsersController#destroy as HTML
  Parameters: {"authenticity_token"=>"[FILTERED]", "id"=>"31"}
  [1m[36mUser Load (110.7ms)[0m  [1m[34mSELECT "users".* FROM "users" WHERE "users"."id" = ? LIMIT ?[0m  [["id", 31], ["LIMIT", 1]]
  ↳ app/controllers/users_controller.rb:46:in `set_user'
  [1m[36mTRANSACTION (0.0ms)[0m  [1m[36mbegin transaction[0m
  ↳ app/controllers/users_controller.rb:33:in `destroy'
  [1m[36mPost Load (0.1ms)[0m  [1m[34mSELECT "posts".* FROM "posts" WHERE "posts"."user_id" = ?[0m  [["user_id", 31]]
  ↳ app/controllers/users_controller.rb:33:in `destroy'
  [1m[36mUser Destroy (3.7ms)[0m  [1m[31mDELETE FROM "users" WHERE "users"."id" = ?[0m  [["id", 31]]
  ↳ app/controllers/users_controller.rb:33:in `destroy'
  [1m[36mTRANSACTION (32.1ms)[0m  [1m[36mcommit transaction[0m
  ↳ app/controllers/users_controller.rb:33:in `destroy'
Redirected to http://127.0.0.1:8934/users
Completed 302 Found in 832ms (ActiveRecord: 151.4ms (3 queries, 0 cached) | GC: 0.0ms)


Started GET "/users" for 127.0.0.1 at 2025-11-17 20:16:59 -0500
Processing by UsersController#index as HTML
  Rendering layout layouts/application.html.erb
  Rendering users/index.html.erb within layouts/application
  [1m[36mUser Load (12.9ms)[0m  [1m[34mSELECT "users".* FROM "users"[0m
  ↳ app/views/users/index.html.erb:16
  Rendered users/index.html.erb within layouts/application (Duration: 57.9ms | GC: 32.5ms)
  Rendered layouts/partials/_header.erb (Duration: 0.1ms | GC: 0.0ms)
  Rendered layouts/partials/_footer.erb (Duration: 0.3ms | GC: 0.0ms)
  Rendered layout layouts/application.html.erb (Duration: 71.3ms | GC: 32.5ms)
Completed 200 OK in 74ms (Views: 60.0ms | ActiveRecord: 12.6ms (1 query, 0 cached) | GC: 32.5ms)


Started GET "/users" for 127.0.0.1 at 2025-11-17 20:28:33 -0500
Processing by UsersController#index as HTML
  Rendering layout layouts/application.html.erb
  Rendering users/index.html.erb within layouts/application
  [1m[36mUser Load (129.5ms)[0m  [1m[34mSELECT "users".* FROM "users"[0m
  ↳ app/views/users/index.html.erb:16
  Rendered users/index.html.erb within layouts/application (Duration: 158.1ms | GC: 0.0ms)
  Rendered layouts/partials/_header.erb (Duration: 2.0ms | GC: 0.0ms)
  Rendered layouts/partials/_footer.erb (Duration: 0.9ms | GC: 0.0ms)
  Rendered layout layouts/application.html.erb (Duration: 193.4ms | GC: 0.0ms)
Completed 200 OK in 219ms (Views: 73.0ms | ActiveRecord: 129.5ms (1 query, 0 cached) | GC: 0.0ms)


Started GET "/home" for 127.0.0.1 at 2025-11-17 20:42:42 -0500
Processing by StaticPagesController#home as HTML
  Rendering layout layouts/application.html.erb
  Rendering static_pages/home.html.erb within layouts/application
  Rendered static_pages/home.html.erb within layouts/application (Duration: 1.8ms | GC: 0.0ms)
  Rendered layouts/partials/_header.erb (Duration: 1.5ms | GC: 0.0ms)
  Rendered layouts/partials/_footer.erb (Duration: 0.2ms | GC: 0.0ms)
  Rendered layout layouts/application.html.erb (Duration: 23.2ms | GC: 0.0ms)
Completed 200 OK in 32ms (Views: 28.1ms | ActiveRecord: 0.0ms (0 queries, 0 cached) | GC: 0.0ms)


Started GET "/help" for 127.0.0.1 at 2025-11-17 20:42:46 -0500
Processing by StaticPagesController#help as HTML
  Rendering layout layouts/application.html.erb
  Rendering static_pages/help.html.erb within layouts/application
  Rendered static_pages/help.html.erb within layouts/application (Duration: 1.5ms | GC: 0.0ms)
  Rendered layouts/partials/_header.erb (Duration: 0.6ms | GC: 0.0ms)
  Rendered layouts/partials/_footer.erb (Duration: 0.9ms | GC: 0.0ms)
  Rendered layout layouts/application.html.erb (Duration: 13.3ms | GC: 0.0ms)
Completed 200 OK in 20ms (Views: 17.0ms | ActiveRecord: 0.0ms (0 queries, 0 cached) | GC: 0.0ms)


Started GET "/about" for 127.0.0.1 at 2025-11-17 20:42:47 -0500
Processing by StaticPagesController#about as HTML
  Rendering layout layouts/application.html.erb
  Rendering static_pages/about.html.erb within layouts/application
  Rendered static_pages/about.html.erb within layouts/application (Duration: 1.7ms | GC: 0.0ms)
  Rendered layouts/partials/_header.erb (Duration: 0.1ms | GC: 0.0ms)
  Rendered layouts/partials/_footer.erb (Duration: 0.9ms | GC: 0.0ms)
  Rendered layout layouts/application.html.erb (Duration: 28.6ms | GC: 13.8ms)
Completed 200 OK in 33ms (Views: 31.4ms | ActiveRecord: 0.0ms (0 queries, 0 cached) | GC: 13.8ms)


Started GET "/matt" for 127.0.0.1 at 2025-11-17 20:42:49 -0500
Processing by StaticPagesController#matt as HTML
  Rendering layout layouts/application.html.erb
  Rendering static_pages/matt.html.erb within layouts/application
  Rendered static_pages/matt.html.erb within layouts/application (Duration: 1.6ms | GC: 0.0ms)
  Rendered layouts/partials/_header.erb (Duration: 0.1ms | GC: 0.0ms)
  Rendered layouts/partials/_footer.erb (Duration: 0.1ms | GC: 0.0ms)
  Rendered layout layouts/application.html.erb (Duration: 23.6ms | GC: 0.0ms)
Completed 200 OK in 26ms (Views: 24.6ms | ActiveRecord: 0.0ms (0 queries, 0 cached) | GC: 0.0ms)


Started GET "/users/new" for 127.0.0.1 at 2025-11-17 20:42:50 -0500
Processing by UsersController#new as HTML
  Rendering layout layouts/application.html.erb
  Rendering users/new.html.erb within layouts/application
  Rendered layouts/partials/_error_messages.html.erb (Duration: 1.4ms | GC: 0.0ms)
  Rendered users/new.html.erb within layouts/application (Duration: 12.6ms | GC: 0.0ms)
  Rendered layouts/partials/_header.erb (Duration: 0.3ms | GC: 0.0ms)
  Rendered layouts/partials/_footer.erb (Duration: 0.1ms | GC: 0.0ms)
  Rendered layout layouts/application.html.erb (Duration: 27.7ms | GC: 0.5ms)
Completed 200 OK in 33ms (Views: 30.1ms | ActiveRecord: 0.0ms (0 queries, 0 cached) | GC: 0.5ms)


Started GET "/users" for 127.0.0.1 at 2025-11-17 20:42:57 -0500
Processing by UsersController#index as HTML
  Rendering layout layouts/application.html.erb
  Rendering users/index.html.erb within layouts/application
  [1m[36mUser Load (180.5ms)[0m  [1m[34mSELECT "users".* FROM "users"[0m
  ↳ app/views/users/index.html.erb:16
  Rendered users/index.html.erb within layouts/application (Duration: 190.2ms | GC: 0.3ms)
  Rendered layouts/partials/_header.erb (Duration: 0.1ms | GC: 0.0ms)
  Rendered layouts/partials/_footer.erb (Duration: 0.1ms | GC: 0.0ms)
  Rendered layout layouts/application.html.erb (Duration: 207.7ms | GC: 0.3ms)
Completed 200 OK in 209ms (Views: 28.2ms | ActiveRecord: 180.5ms (1 query, 0 cached) | GC: 0.3ms)


Started GET "/users/new" for 127.0.0.1 at 2025-11-17 20:43:02 -0500
Processing by UsersController#new as HTML
  Rendering layout layouts/application.html.erb
  Rendering users/new.html.erb within layouts/application
  Rendered layouts/partials/_error_messages.html.erb (Duration: 0.0ms | GC: 0.0ms)
  Rendered users/new.html.erb within layouts/application (Duration: 9.4ms | GC: 0.0ms)
  Rendered layouts/partials/_header.erb (Duration: 0.1ms | GC: 0.0ms)
  Rendered layouts/partials/_footer.erb (Duration: 0.1ms | GC: 0.0ms)
  Rendered layout layouts/application.html.erb (Duration: 19.1ms | GC: 0.6ms)
Completed 200 OK in 21ms (Views: 19.8ms | ActiveRecord: 0.0ms (0 queries, 0 cached) | GC: 0.6ms)


Started POST "/users" for 127.0.0.1 at 2025-11-17 20:44:07 -0500
Processing by UsersController#create as HTML
  Parameters: {"authenticity_token"=>"[FILTERED]", "user"=>{"name"=>"Noa Dagenbach", "email"=>"[FILTERED]", "password"=>"[FILTERED]", "password_confirmation"=>"[FILTERED]"}, "commit"=>"Create my account"}
  [1m[36mTRANSACTION (0.1ms)[0m  [1m[36mbegin transaction[0m
  ↳ app/controllers/users_controller.rb:23:in `create'
  [1m[36mUser Exists? (7.6ms)[0m  [1m[34mSELECT 1 AS one FROM "users" WHERE "users"."email" = ? LIMIT ?[0m  [["email", "[FILTERED]"], ["LIMIT", 1]]
  ↳ app/controllers/users_controller.rb:23:in `create'
  [1m[36mUser Create (3.8ms)[0m  [1m[32mINSERT INTO "users" ("name", "email", "created_at", "updated_at", "title", "password_digest") VALUES (?, ?, ?, ?, ?, ?) RETURNING "id"[0m  [["name", "Noa Dagenbach"], ["email", "[FILTERED]"], ["created_at", "2025-11-18 01:44:08.651520"], ["updated_at", "2025-11-18 01:44:08.651520"], ["title", nil], ["password_digest", "[FILTERED]"]]
  ↳ app/controllers/users_controller.rb:23:in `create'
  [1m[36mTRANSACTION (28.8ms)[0m  [1m[36mcommit transaction[0m
  ↳ app/controllers/users_controller.rb:23:in `create'
Redirected to http://127.0.0.1:8934/users/32
Completed 302 Found in 303ms (ActiveRecord: 40.3ms (2 queries, 0 cached) | GC: 0.0ms)


Started GET "/users/32" for 127.0.0.1 at 2025-11-17 20:44:08 -0500
Processing by UsersController#show as HTML
  Parameters: {"id"=>"32"}
  [1m[36mUser Load (13.0ms)[0m  [1m[34mSELECT "users".* FROM "users" WHERE "users"."id" = ? LIMIT ?[0m  [["id", 32], ["LIMIT", 1]]
  ↳ app/controllers/users_controller.rb:46:in `set_user'
  [1m[36mCACHE User Load (0.3ms)[0m  [1m[34mSELECT "users".* FROM "users" WHERE "users"."id" = ? LIMIT ?[0m  [["id", 32], ["LIMIT", 1]]
  ↳ app/controllers/users_controller.rb:46:in `set_user'
  Rendering layout layouts/application.html.erb
  Rendering users/show.html.erb within layouts/application
  Rendered users/show.html.erb within layouts/application (Duration: 1.4ms | GC: 0.0ms)
  Rendered layouts/partials/_header.erb (Duration: 0.1ms | GC: 0.0ms)
  Rendered layouts/partials/_footer.erb (Duration: 0.0ms | GC: 0.0ms)
  Rendered layout layouts/application.html.erb (Duration: 27.3ms | GC: 0.0ms)
Completed 200 OK in 52ms (Views: 28.3ms | ActiveRecord: 13.0ms (2 queries, 1 cached) | GC: 0.0ms)


Started GET "/users" for 127.0.0.1 at 2025-11-17 20:44:21 -0500
Processing by UsersController#index as HTML
  Rendering layout layouts/application.html.erb
  Rendering users/index.html.erb within layouts/application
  [1m[36mUser Load (8.5ms)[0m  [1m[34mSELECT "users".* FROM "users"[0m
  ↳ app/views/users/index.html.erb:16
  Rendered users/index.html.erb within layouts/application (Duration: 29.0ms | GC: 12.7ms)
  Rendered layouts/partials/_header.erb (Duration: 0.1ms | GC: 0.0ms)
  Rendered layouts/partials/_footer.erb (Duration: 0.0ms | GC: 0.0ms)
  Rendered layout layouts/application.html.erb (Duration: 43.6ms | GC: 12.7ms)
Completed 200 OK in 45ms (Views: 35.9ms | ActiveRecord: 8.5ms (1 query, 0 cached) | GC: 12.7ms)


Started DELETE "/users/32" for 127.0.0.1 at 2025-11-17 20:44:39 -0500
Processing by UsersController#destroy as HTML
  Parameters: {"authenticity_token"=>"[FILTERED]", "id"=>"32"}
  [1m[36mUser Load (10.1ms)[0m  [1m[34mSELECT "users".* FROM "users" WHERE "users"."id" = ? LIMIT ?[0m  [["id", 32], ["LIMIT", 1]]
  ↳ app/controllers/users_controller.rb:46:in `set_user'
  [1m[36mTRANSACTION (0.2ms)[0m  [1m[36mbegin transaction[0m
  ↳ app/controllers/users_controller.rb:33:in `destroy'
  [1m[36mPost Load (5.5ms)[0m  [1m[34mSELECT "posts".* FROM "posts" WHERE "posts"."user_id" = ?[0m  [["user_id", 32]]
  ↳ app/controllers/users_controller.rb:33:in `destroy'
  [1m[36mUser Destroy (4.2ms)[0m  [1m[31mDELETE FROM "users" WHERE "users"."id" = ?[0m  [["id", 32]]
  ↳ app/controllers/users_controller.rb:33:in `destroy'
  [1m[36mTRANSACTION (4.1ms)[0m  [1m[36mcommit transaction[0m
  ↳ app/controllers/users_controller.rb:33:in `destroy'
Redirected to http://127.0.0.1:8934/users
Completed 302 Found in 611ms (ActiveRecord: 23.9ms (3 queries, 0 cached) | GC: 1.1ms)


Started GET "/users" for 127.0.0.1 at 2025-11-17 20:44:39 -0500
Processing by UsersController#index as HTML
  Rendering layout layouts/application.html.erb
  Rendering users/index.html.erb within layouts/application
  [1m[36mUser Load (29.9ms)[0m  [1m[34mSELECT "users".* FROM "users"[0m
  ↳ app/views/users/index.html.erb:16
  Rendered users/index.html.erb within layouts/application (Duration: 36.5ms | GC: 0.2ms)
  Rendered layouts/partials/_header.erb (Duration: 0.1ms | GC: 0.0ms)
  Rendered layouts/partials/_footer.erb (Duration: 0.0ms | GC: 0.0ms)
  Rendered layout layouts/application.html.erb (Duration: 47.2ms | GC: 0.8ms)
Completed 200 OK in 49ms (Views: 18.6ms | ActiveRecord: 29.9ms (1 query, 0 cached) | GC: 0.8ms)


Started GET "/" for 127.0.0.1 at 2025-11-20 11:41:14 -0500
  [1m[36mActiveRecord::SchemaMigration Load (16.3ms)[0m  [1m[34mSELECT "schema_migrations"."version" FROM "schema_migrations" ORDER BY "schema_migrations"."version" ASC[0m
Processing by StaticPagesController#home as HTML
  Rendering layout layouts/application.html.erb
  Rendering static_pages/home.html.erb within layouts/application
  Rendered static_pages/home.html.erb within layouts/application (Duration: 2076.3ms | GC: 94.5ms)
  Rendered layouts/partials/_header.erb (Duration: 4.6ms | GC: 0.0ms)
  Rendered layouts/partials/_footer.erb (Duration: 2.9ms | GC: 0.0ms)
  Rendered layout layouts/application.html.erb (Duration: 2119.4ms | GC: 94.5ms)
Completed 200 OK in 24684ms (Views: 2159.0ms | ActiveRecord: 0.0ms (0 queries, 0 cached) | GC: 144.0ms)


Started GET "/favicon.ico" for 127.0.0.1 at 2025-11-20 11:41:41 -0500
  
ActionController::RoutingError (No route matches [GET] "/favicon.ico"):
  
Started GET "/" for 127.0.0.1 at 2025-11-20 14:06:38 -0500
  [1m[36mActiveRecord::SchemaMigration Load (8.7ms)[0m  [1m[34mSELECT "schema_migrations"."version" FROM "schema_migrations" ORDER BY "schema_migrations"."version" ASC[0m
Started GET "/" for 127.0.0.1 at 2025-11-20 14:07:55 -0500
Processing by StaticPagesController#home as HTML
Processing by StaticPagesController#home as HTML
  Rendering layout layouts/application.html.erb
  Rendering static_pages/home.html.erb within layouts/application
  Rendering layout layouts/application.html.erb
  Rendering static_pages/home.html.erb within layouts/application
  Rendered static_pages/home.html.erb within layouts/application (Duration: 404.0ms | GC: 131.6ms)
  Rendered static_pages/home.html.erb within layouts/application (Duration: 412.8ms | GC: 131.6ms)
  Rendered layouts/partials/_header.erb (Duration: 4.9ms | GC: 0.0ms)
  Rendered layouts/partials/_header.erb (Duration: 5.9ms | GC: 0.0ms)
  Rendered layouts/partials/_footer.erb (Duration: 11.5ms | GC: 0.0ms)
  Rendered layouts/partials/_footer.erb (Duration: 2.1ms | GC: 0.0ms)
  Rendered layout layouts/application.html.erb (Duration: 485.2ms | GC: 131.6ms)
  Rendered layout layouts/application.html.erb (Duration: 491.6ms | GC: 131.6ms)
Completed 200 OK in 50765ms (Views: 528.5ms | ActiveRecord: 0.0ms (0 queries, 0 cached) | GC: 181.7ms)


Completed 200 OK in 111317ms (Views: 508.7ms | ActiveRecord: 0.0ms (0 queries, 0 cached) | GC: 182.5ms)


Started GET "/link" for 127.0.0.1 at 2025-11-20 19:02:26 -0500
Processing by StaticPagesController#link as HTML
  Rendering layout layouts/application.html.erb
  Rendering static_pages/link.html.erb within layouts/application
  Rendered static_pages/link.html.erb within layouts/application (Duration: 24.6ms | GC: 0.0ms)
  Rendered layouts/partials/_header.erb (Duration: 1.0ms | GC: 0.0ms)
  Rendered layouts/partials/_footer.erb (Duration: 0.1ms | GC: 0.0ms)
  Rendered layout layouts/application.html.erb (Duration: 68.1ms | GC: 0.0ms)
Completed 200 OK in 76ms (Views: 70.5ms | ActiveRecord: 0.0ms (0 queries, 0 cached) | GC: 0.0ms)


Started GET "/" for 127.0.0.1 at 2025-11-21 12:30:02 -0500
  [1m[36mActiveRecord::SchemaMigration Load (5.1ms)[0m  [1m[34mSELECT "schema_migrations"."version" FROM "schema_migrations" ORDER BY "schema_migrations"."version" ASC[0m
Processing by StaticPagesController#home as HTML
  Rendering layout layouts/application.html.erb
  Rendering static_pages/home.html.erb within layouts/application
  Rendered static_pages/home.html.erb within layouts/application (Duration: 308.4ms | GC: 75.0ms)
  Rendered layouts/partials/_header.erb (Duration: 4.2ms | GC: 0.0ms)
  Rendered layouts/partials/_footer.erb (Duration: 3.8ms | GC: 0.0ms)
  Rendered layout layouts/application.html.erb (Duration: 390.3ms | GC: 75.0ms)
Completed 200 OK in 2701ms (Views: 428.3ms | ActiveRecord: 0.0ms (0 queries, 0 cached) | GC: 108.9ms)


Started GET "/favicon.ico" for 127.0.0.1 at 2025-11-21 12:30:08 -0500
  
ActionController::RoutingError (No route matches [GET] "/favicon.ico"):
  
Started GET "/" for 127.0.0.1 at 2025-11-21 12:30:14 -0500
Processing by StaticPagesController#home as HTML
  Rendering layout layouts/application.html.erb
  Rendering static_pages/home.html.erb within layouts/application
  Rendered static_pages/home.html.erb within layouts/application (Duration: 11.8ms | GC: 0.0ms)
  Rendered layouts/partials/_header.erb (Duration: 1.0ms | GC: 0.0ms)
  Rendered layouts/partials/_footer.erb (Duration: 0.1ms | GC: 0.0ms)
  Rendered layout layouts/application.html.erb (Duration: 40.6ms | GC: 0.0ms)
Completed 200 OK in 47ms (Views: 43.7ms | ActiveRecord: 0.0ms (0 queries, 0 cached) | GC: 0.0ms)


Started GET "/link" for 127.0.0.1 at 2025-11-21 12:30:15 -0500
Processing by StaticPagesController#link as HTML
  Rendering layout layouts/application.html.erb
  Rendering static_pages/link.html.erb within layouts/application
  Rendered static_pages/link.html.erb within layouts/application (Duration: 21.6ms | GC: 0.0ms)
  Rendered layouts/partials/_header.erb (Duration: 0.5ms | GC: 0.0ms)
  Rendered layouts/partials/_footer.erb (Duration: 0.1ms | GC: 0.0ms)
  Rendered layout layouts/application.html.erb (Duration: 45.5ms | GC: 0.0ms)
Completed 200 OK in 52ms (Views: 46.5ms | ActiveRecord: 0.0ms (0 queries, 0 cached) | GC: 0.0ms)


Started GET "/link" for 127.0.0.1 at 2025-11-21 12:30:36 -0500
Processing by StaticPagesController#link as HTML
  Rendering layout layouts/application.html.erb
  Rendering static_pages/link.html.erb within layouts/application
  Rendered static_pages/link.html.erb within layouts/application (Duration: 9.8ms | GC: 0.4ms)
  Rendered layouts/partials/_header.erb (Duration: 0.3ms | GC: 0.0ms)
  Rendered layouts/partials/_footer.erb (Duration: 0.1ms | GC: 0.0ms)
  Rendered layout layouts/application.html.erb (Duration: 45.8ms | GC: 0.4ms)
Completed 200 OK in 51ms (Views: 48.0ms | ActiveRecord: 0.0ms (0 queries, 0 cached) | GC: 0.4ms)


Started GET "/help" for 127.0.0.1 at 2025-11-21 12:30:38 -0500
Processing by StaticPagesController#help as HTML
  Rendering layout layouts/application.html.erb
  Rendering static_pages/help.html.erb within layouts/application
  Rendered static_pages/help.html.erb within layouts/application (Duration: 2.3ms | GC: 0.0ms)
  Rendered layouts/partials/_header.erb (Duration: 6.0ms | GC: 0.0ms)
  Rendered layouts/partials/_footer.erb (Duration: 0.1ms | GC: 0.0ms)
  Rendered layout layouts/application.html.erb (Duration: 27.5ms | GC: 0.0ms)
Completed 200 OK in 37ms (Views: 29.1ms | ActiveRecord: 0.0ms (0 queries, 0 cached) | GC: 0.0ms)


Started GET "/about" for 127.0.0.1 at 2025-11-21 12:30:39 -0500
Processing by StaticPagesController#about as HTML
  Rendering layout layouts/application.html.erb
  Rendering static_pages/about.html.erb within layouts/application
  Rendered static_pages/about.html.erb within layouts/application (Duration: 14.8ms | GC: 0.9ms)
  Rendered layouts/partials/_header.erb (Duration: 3.1ms | GC: 0.0ms)
  Rendered layouts/partials/_footer.erb (Duration: 0.2ms | GC: 0.0ms)
  Rendered layout layouts/application.html.erb (Duration: 41.7ms | GC: 0.9ms)
Completed 200 OK in 50ms (Views: 43.0ms | ActiveRecord: 0.0ms (0 queries, 0 cached) | GC: 2.8ms)


Started GET "/users" for 127.0.0.1 at 2025-11-21 12:30:41 -0500
Processing by UsersController#index as HTML
  Rendering layout layouts/application.html.erb
  Rendering users/index.html.erb within layouts/application
  [1m[36mUser Exists? (6.7ms)[0m  [1m[34mSELECT 1 AS one FROM "users" LIMIT ?[0m  [["LIMIT", 1]]
  ↳ app/views/users/index.html.erb:2
  [1m[36mUser Load (3.0ms)[0m  [1m[34mSELECT "users".* FROM "users"[0m
  ↳ app/views/users/index.html.erb:20
  Rendered users/index.html.erb within layouts/application (Duration: 118.2ms | GC: 1.6ms)
  Rendered layout layouts/application.html.erb (Duration: 120.7ms | GC: 1.6ms)
Completed 500 Internal Server Error in 294ms (ActiveRecord: 122.9ms (2 queries, 0 cached) | GC: 2.0ms)


  
ActionView::Template::Error (undefined method `phone' for an instance of User):

Causes:
NoMethodError (undefined method `phone' for an instance of User)
    21:         <tr>
    22:           <td><%= user.id %></td>
    23:           <td><%= user.name %></td>
    24:           <td><%= user.phone %></td>
    25:           <td><%= user.email %></td>
    26:           <td><%= user.created_at %></td>
    27:           <td><%= user.updated_at %></td>
  
app/views/users/index.html.erb:24
app/views/users/index.html.erb:20
Started GET "/users/new" for 127.0.0.1 at 2025-11-21 12:31:51 -0500
Processing by UsersController#new as HTML
  Rendering layout layouts/application.html.erb
  Rendering users/new.html.erb within layouts/application
  Rendered layouts/partials/_error_messages.html.erb (Duration: 2.9ms | GC: 0.0ms)
  Rendered users/new.html.erb within layouts/application (Duration: 391.9ms | GC: 0.9ms)
  Rendered layouts/partials/_header.erb (Duration: 0.6ms | GC: 0.0ms)
  Rendered layouts/partials/_footer.erb (Duration: 0.1ms | GC: 0.0ms)
  Rendered layout layouts/application.html.erb (Duration: 442.6ms | GC: 0.9ms)
Completed 200 OK in 455ms (Views: 443.9ms | ActiveRecord: 0.0ms (0 queries, 0 cached) | GC: 0.9ms)


